cypriot,turkish,greek,english
kandounin,sokak,στενό,alley/corner
karaolos,salyangoz,σαλιγκάρι,snail
kastia,işkence,βασανιστήρια,tortures
kourva,dönemeç,στροφή,turn
lamintzana,büyük kavanoz,δοχείο,large jar
lavezin,tencere,κατσαρόλα,stock-pot
pomparo,pompalamak,αντλώ,to pump
rembelos,serseri,αλήτης,punk/tramp
skarparis,ayakkabıcı,τσαγκάρης,shoemaker
sior,efendi,κύριος,sir (interjection)
ambousta,kutu,κουτί,box/case
fallaro,kafası karışmak,μπερδεύομαι,to get confused
faraona,inci keklik,φραγκόκοτα,guineafowl
fkioron,çiçek,λουλούδι,flower
foundana,çeşme,βρύση,drinking fountain
karkola,yatak,κρεβάτι,bed
katsella,inek,αγελάδα,cow
landa,durgun su,στάσιμα νερά,stagnant water
laportaro,şikayet etmek,καταγγέλλω,to report an offence
lasmarin,biberiye,δεντρολίβανο,rosemary
dyspyrko,kıskanmak,ζηλεύω,to grudge
kostonno,morartmak,μελανιάζω,to bruise
marapella,yabani erik,δαμάσκηνο,damson plum
palaro,güçlendirmek,ενισχύω,to power up
pomilorin,domates,ντομάτα,tomato
pournella,erik,δαμάσκηνο,plum
siourkazoume,sakinleşmek,ηρεμώ,to calm
amanda,sessizlik,ηρεμία,quietness
flandjin,karaciğer,συκώτι,liver
flaouna,paskalya çöreği,φλαούνα,Easter brioche
flokkos,paspas,σφουγγαρίστρα,mop
foukou,mangal,φουκού,brazier
glipparo,kaçmak,ξεφεύγω,to avoid/escape
koumandaria,tatlı şarap,κουμανδαρία,sweet dessert wine
kouza,kavanoz,στάμνα,jar
mindjis,zayıf,λεπτός,lean
pezounin,güvercin,περιστέρι,pigeon
podina,bot,μπότα,boot
protsa,çatal,πιρούνι,fork
sende,tavan arası,πατάρι,loft
vlanga,sabır,υπομονή,patience
zampa,uyluk,μηρός,thigh
kouliazo,süzmek,φιλτράρω,to filter
koumera,sağdıç,κουμέρα,maid of honour
pouloustrina,yeni yıl harçlığı,πουλουστρίνα,New Year's monetary gift
rotsa,taş,πέτρα,stone
splinga,iğne,καρφίτσα,pin
tatsa,leke,λεκές,stain
tsaera,sandalye,καρέκλα,chair
tsiminia,baca,καμινάδα,chimney
tsoura,keçi,κατσίκα,goat
foutouniazoume,öfkeye kapılmak,θυμώνουμε,to get enraged
kallidjin,nal,πετάλι,horseshoe
koukoumas,kumbara,κουμπαράς,piggybank
kouspos,kazma,τσάπα,pickaxe
mandilia,havlu,πετσέτα,towel
mpoukkono,ağzı tıkamak,μπουκώνω,to fill/close the mouth
ploumizo,süslemek,στολίζω,to decorate
pounga,cep,τσέπη,pocket
rousoudin,kızamık,ιλαρά,measles
stouppono,tıkanmak,βουλώνω,to clog
voukka,yanak,μάγουλο,cheek
zivania,arak,ζιβανία,type of arak
 bumburislenme,karıncalanma,φαγούρα,tingle
uşana,rahim,μήτρα,womb
lagani,birikmiş su,συσσωρευμένο νερό,accumulated water
lukgo,delik,τρύπα,hole
Chofta/Choftes,Saçmalık veya yalan,Μαλακίες ή ψέματα,bullshit or lies
liveri,"uzun, ağır, ucu keskin ve üçgen, çukur kazmaya yarayan demir","μακρύ και βαρύ σίδερο με αιχμηρή και τριγωνική άκρη, που χρησιμοποιείται για το σκάψιμο λάκκων","long and heavy iron with a sharp and triangular tip, used for digging holes"
leva,levye,λοστό,Crowbar
ciboyi,"önü çengelli, hayvanları ayağından yakalamaya yarayan alet","εργαλείο με αγκιστρωτή πρόσοψη, που χρησιμοποιείται για να πιάνει τα ζώα από το πόδι","a tool with a hooked front, used to catch animals by the foot"
hellimli,içinde hellim barındıran poğaça türü unlu mamül,αρτοσκευάσματα τύπου ζαχαροπλαστικής που περιέχουν χαλούμι,pastry type bakery product containing halloumi
ariya,matkap,Τρυπάνι,Drill
formika,kek kalıbı,φόρμα για κέικ,cake mould
Langufa,Çukur,Λάκκος,Pit
Kıstırık,"Mandal, maşa","Μανταλάκια, λαβίδες","Clothespins, tongs"
dilihti,Yabani ıspanaktan yapılan bir börek,Μια πίτα από άγριο σπανάκι,A pie made from wild spinach
dirihti,Yabani ıspanaktan yapılan bir börek,Μια πίτα από άγριο σπανάκι,A pie made from wild spinach
dirifti,Yabani ıspanaktan yapılan bir börek,Μια πίτα από άγριο σπανάκι,A pie made from wild spinach
Drada,Büyük yük gemisi/Obur,Μεγάλο φορτηγό πλοίο /Φαγάνας,Large Cargo ship/glutton or overeater
Afa,Herif/Adam,τύπος,bloke
Isbor,Spor,Αθλητισμός,Sport
Dangos,Aşırı yağlı yemek,Υπερβολικά λιπαρά τρόφιμα,Excessively fatty food
Guspo,"Capa, Kazma",Αξίνα,Pickaxe
Garavolli,Salyangoz,Σαλιγκάρι,Snail
Ablos,"Rütbesiz, sıradan, önemsiz","Ασήμαντος, απλός, ασήμαντος","Insignificant, ordinary, trivial"
Abosafi,Karar vermek,Λήψη απόφασης,To make a decision
Abohti/Abofdi,Bir tür pastırma,Ένα είδος παστουρμά,A type of cured meat
Abrıl,Nisan ayı,Απρίλιος,April
Acamı,"Tecrübesiz, işinde yeni olan(kişi)","Άπειρος, νέος στη δουλειά (άτομο)","Inexperienced, novice (person)"
Pataniya,Bataniye,Κουβέρτα,Blanket
Fanella,Tişört,Φανέλα,T-shirt
Bondoboksi,Kısa boylu,Κοντός,Short stature
Babuç,Terlik/Sandal,Παντόφλα/Σανδάλι,Slippers/Sandals
Babutsa,Yerli Kaktus türü,Τοπικό είδος κάκτου,Local cactus type
Ziligurti,Zehir cikarasin,Φτύνω δηλητήριο,Spit poison
Hasba cikar,Usandim Elinden,Δεν αντέχω άλλο μαζί σου!,I'm fed up with you
Gondea,Türkmenköy,Τουρκοχώρι,Turkmenkoy (a place)
Gazafana,Ozan Köy,Χωριό Οζάν,Ozan Village
Siro,Bilinmiyor,Άγνωστο,Unknown
Ziziro,Ağustos Böceği,Τζίτζικας,Cicada
Zirzirolar,Ağustos böcekleri,Τζιτζίκια,Cicadas
Garacocco,Siyah susam,Μαύρο σουσάμι,Black sesame
Selenduruna,Küçük Kertenkele,Μικρή σαύρα,Small lizard
Alizavra,Büyük Kertenkele,Σαύρα,Large lizard
Gusbo,Kazma,Καλέμι,Pickaxe
Abondele,Kafa karışıklığı,Σύγχυση,Confusion
Angoni,Torun,Εγγόνι,Grandchild
Langirti,Yüksek ani ses,Δυνατός ξαφνικός ήχος,High sudden noise
Bavuri,Bidon,Κανάτα,Canister
Uruba,Kıyafet(ler),Ρούχα,Clothes
Sakgulli,"Çanta, Çuval","Σακούλα, Σακί","Bag, Sack"
Kapella,Şapka,Καπέλο,Hat
Boru,Korna,Κόρνα,Horn
Buji,Araba parçası,Μπουζί,Car part
Gabo,Araba kaportası,Καπό αυτοκινήτου,Car body
Deyigirmi,"Araba tekerleği, Jant","Τροχός αυτοκινήτου, Ζάντα","Car wheel, Rims"
Trapez,Bilinmiyor,Άγνωστο,Unknown
Gudalya,Bilinmiyor,Άγνωστο,Unknown
Caki,Bilinmiyor,Άγνωστο,Unknown
Dacca,Bilinmiyor,Άγνωστο,Unknown
Mavro Yerimo,Bilinmiyor,Άγνωστο,Unknown
Pasadempo,Kabak çekirdeği,Κολοκυθόσπορος,Pumpkin seed
Şasurdi,Aklı karışık,Συγχυσμένος,Confused
Şasurdis,Aklı karışık,Συγχυσμένος,Confused
Desteban,Köy Bekçisi,Φύλακας χωριού,Village guard
Goccinogologo,Kırmızı popo,Κόκκινος κώλος,Red bottom
Goccino,Kırmızı,Κόκκινο,Red
Gologo,Popo,Κώλος,Bottom
Isbaho,İp,Σχοινί,Rope
Fiskilik,Disk,Δίσκος,Disc
Mezdeki,Baf sakızı,Τσίχλα από την Πάφο,Bath gum
Gatsaris,Tavukların kıllarını yakma,Κάψιμο φτερών κοτόπουλου,Burning chicken feathers
Dilliro,Üretken ancak tembel insan,Παραγωγικός τεμπέλης άνθρωπος,Productive lazy person
Gokko,Şeker,Ζάχαρη,Sugar
Çatoz,Serdarlı,Σερδαρλή,Serdarli (a place)
Siona,Yaban arısı,Αγριομέλισσα,Wild wasp
Lapatoz,Boğaziçi,Βόσπορος,Bosphorus
Gurumanastir,Çukurova,Τσουκούροβα,Cukurova (a place)
Diriil,Yonca,Τριφύλλι,Clover
Verigo,Üzüm türü,Ποικιλία σταφυλιών,Grape type
Bogurmek,Bağırmak,Φωνάζω,Shout
Solina,Su borusu,Σωλήνας νερού,Water pipe
Molehiya,Geleneksel ıspanak yemeği,Παραδοσιακό πιάτο με σπανάκι,Traditional spinach dish
Tayfalmak,Bunalmak,Αγχωθείτε,To be overwhelmed
Orasda,Oradaki cisim,Αντικείμενο εκεί,That object there
Bendo,Asır altın,Καθαρός χρυσός,Pure gold
Mora,Paşaköy,Πασάκιοι,Pasakoy (a place)
Bodamya,Akça,Χρήμα,Money
Isvic,Kontak anahtarı,Κλειδί ανάφλεξης,Ignition key
Bastarda,Ailesi bilinmeyen,Άτομο άγνωστης καταγωγής,Of unknown family
Vordo,Fellah,Αγρότης,Peasant
Guello,Salak,Βλάκας,Fool
Kukuletta,Şapka,Καπέλο,Hat
Kapison,Kapüşon,Κουκούλα,Hoody
Midem,Madem,Αφού,Since
Piron,Çatal,Πιρούνι,Fork
Drabez,Masa,Τραπέζι,Table
Masappa,Taşlı Kova,Κουβάς από πέτρα,Stone bucket
Gamasa,Gerizekalı,Ηλίθιος,Stupid
Gindir,"Arala, aralık","Χάσμα, διάστημα","Gap, interval"
Kıs,Kes/kapat,Κόψτε/Κλείστε,Cut/Close
Oftirikord,Aramızda kalsın,Ας μείνει μεταξύ μας,Let's keep it between us
Guli,Köpek,Σκύλος,Dog
Tumali,Polis,Αστυνομικός,Police
Ikanmak,Yıkanmak,Πλένω,To wash
Sonram,Sonra,Μετά,After
Ikladim,Ayıklamak,Να καθαρίσω,To sober up
Ikla,Ayıkla,Καθαρίζω,Sober up
Pambik,Pamuk,Βαμβάκι,Cotton
Gara,Siyah,Μαύρο,Black
Bura,İşaret edilen yer,Υποδεικνυόμενος τόπος,Indicated place
Cakizdez,Yeşil Turşu Zeytin,Πράσινες ελιές τουρσί,Green pickled olives
Cav,Heyecan sesi,Ήχος ενθουσιασμού,Excitement sound
Genne,O kişiye,Σε αυτό το άτομο,To that person
Gey,Giy,Φοράω,Wear
Geymek,Giyindim,Ντύθηκα,I dressed
Sok,Koymak/yerleştir,Βάζω,To put
Gologaz,Yerli Yemek,Τοπικό φαγητό,Local dish
Hellim,Süt ürünü ama peynir değil,Προϊόν γάλακτος αλλά όχι τυρί,Dairy product but not cheese
Cakirdak,Don'daki pisliğin kakac olması,Η βρωμιά στον πάγο που γίνεται κόπρανα,Dirt on the ice being poop
Frammo,Bilinmiyor,Άγνωστο,Unknown
Dosan,İkinci el,Δεύτερο χέρι,Second hand
Digne,Dinle,Άκου,Listen
Barbadutsa,Bebek Yürütücü,Περιπατητής μωρού,Baby walker
Gufi,Yerel Zehirli Yılan,Τοπικό δηλητηριώδες φίδι,Local poisonous snake
Bildircin,Yerel Kuş türü,Τοπικό είδος πουλιού,Local bird type
Murro,Moron,Ηλίθιος,Moron
Banna,Hayvan Tedavisi,Θεραπεία ζώων,Animal treatment
Seftali,Tüpte yapılan Yerli Kebab,Τοπικό κεμπάπ φτιαγμένο σε σωλήνα,Local kebab made from tripe
Bullez,Küçük yerli sebze,Μικρό τοπικό λαχανικό,Small local vegetable
Badadez bullez,Patates ve küçük yerli sebzeden yapılan yemek,Πιάτο από πατάτες και μικρά τοπικά λαχανικά,Dish made from potatoes and small local vegetables
Gologaz,Yerli Sebze,Τοπικό λαχανικό,Local vegetable
Dribidez,Üç delikli şişe,Μπουκάλι με τρεις τρύπες,Three-holed bottle
Dango,Çirkin,Άσχημος,Ugly
Nesdeng?,Ne istiyorsun?,Τι θέλεις;,What do you want?
Giccaccik,Kız,Κορίτσι,Girl
Pust Pezevenk,Yerel argo kalıp,Τοπική αργκό,Local slang
Napan,Merhaba,Γεια,Hello
Ispaho,İp,Σχοινί,Rope
Belo,Kırmak,Σπάω,Break
Gaco,Lefkara işinde kare sınırlara yapılan el işi variyasyonu,Είδος χειροτεχνίας με τετράγωνα όρια στη δουλειά της Λευκάρ,Lefkara square-bordered handicraft variation
Davinci,Leonardo Da Vinci’nin Son akşam yemeğinde kullandığı Kıbrıs’tan satın alınan,"Αγοράστηκε από την Κύπρο, χρησιμοποιήθηκε στο τελευταίο δείπνο του Leonardo Da Vinci","Bought from Cyprus, used in Leonardo Da Vinci's Last Supper"
Gucci,Ayakta bilye oyununda atış şekli,Τρόπος ρίψης στο παιχνίδι με μπίλιες,Marble game shooting style
Gofti,Alçalarak bilye atış şekli,Στυλ ρίψης μπίλιας χαμηλά,Crouching marble shooting style
Pirili,Bilye,Μπίλια,Marble
Hemeneken,Yerli oyun,Τοπικό παιχνίδι,Local game
Gurgura,"Gırtlak, boğaz",Λαιμός,Throat
Lingeri,Yerli oyun,Τοπικό παιχνίδι,Local game
Balligari,Güçlü kuvvetli,Δυνατός,Strong and powerful
Ditsiro,"Çıplak, Fakir","Γυμνός, φτωχός","Naked, poor"
Millingidi,"Hastalıklı, Zayıf","Αρρωστιάρης, αδύναμος","Sickly, weak"
Dilbandi,Kendini bir şey zanneden,Αυτοσημαντικός,Self-important
Luana,"Yerli Ot, Yerli yemek çeşiti","Τοπικό χόρτο, τοπικό είδος φαγητού","Local herb, local dish variety"
Mangallo,Yerli turşu,Τοπικό τουρσί,Local pickle
Gullumbura,"Yerli turp çeşiti, yemek çeşiti","Τοπικό είδος ραπανάκι, είδος φαγητού","Local radish type, dish variety"
Gullumbara,Rica üstüne göt σίκεν,Άγνωστο,"Rude expression, literal translation inappropriate"
Gombina,Entrika,Ιντρίγκα,Intrigue
Voli,Vole (Voliyi vurma),Βολή,Volley (hitting a volley)
İndiregandi,Rüşvet,Δωροδοκία,Bribe
Fenalla,"Kazak, İçlik","Πουλόβερ, εσωτερικό","Sweater, undershirt"
Tabella,Tabela,Πινακίδα,Signboard
Voppa,Yerli balık,Τοπικό ψάρι,Native fish
Gullirika,Pekmezden yapılan yerel tatlı,Τοπικό γλυκό φτιαγμένο από πετιμέζι,Local dessert made with molasses
Gulluri,Simit,Κουλούρι,Bagel
Golifa,Bilinmiyor,Άγνωστο,No Turkish translation provided
Bidda badadaz,Bilinmiyor,Άγνωστο,No Turkish translation provided
Badadez köftesi,Bilinmiyor,Άγνωστο,No Turkish translation provided
Mesenjer,Odacı,Υπάλληλος,Bellboy
Bullaga,Basık yuvarlak. Tam yuvarlak olmayan,Πλατύ στρογγυλό. Όχι απόλυτα στρογγυλό,"Flattened round, not perfectly round"
Aforoz,Tertiplemek,Οργάνωση,Arrange
Borga,Önlük,Ποδιά,Apron
Glaj,Debriyaj,Συμπλέκτης,Clutch
Tekne,Lavabo,Νιπτήρας,Sink
Afdos,"Gizli sevgili, Metres","Ερωμένη, κρυφή αγάπη","Mistress, secret lover"
Aferim,"Beğenme, Övme, Aferin",Μπράβο,"Well done, praise"
Aferina/Aterina,Küçük boylu bir tür balık,Ένα είδος μικρού ψαριού,A type of small fish
Aforiya,"Kısır, verimsiz","Άγονο, μη παραγωγικό","Barren, unproductive"
Afroza,Suyla karıştırılıp içildiğinde köpüren sodalı madde,Αναβράζουσα σόδα,Effervescent soda
Afyon,Haşhaş kapsüllerinden yapılan uyuşturucu,Όπιο,Opium
Ağa,Köy ve kasabalarda sözü geçen nüfuslu kişi,Επιρροή στα χωριά,Influential person in villages
Ağrelli/Ayrelli,"Taze sürgünleri yenebilen bir tür ot, kuşkonmaz",Σπαράγγι,Asparagus
Ahanadu,Ölümsüz anlamına gelen bir tür bitki,Αθάνατο φυτό,Everlasting plant
Ahlavuna,Pilavuna,Τοπικό πιάτο με ρύζι,Local dish with rice
Ahraciya,Böğrülceyle yemeği yapılan yabani bir ot,Άγριο φυτό που χρησιμοποιείται στα γεύματα,Wild plant used in meals
Ahretti/Ahreddi/Arahti/Arakti,"Yün eğirmeye yarayan alet, kirmen",Εργαλείο περιστροφής μαλλιού,Wool spinning tool
Ahristo,"Gevşemiş, verimsiz, kullanılamaz duruma gelmiş şey","Χαλασμένο, άχρηστο","Loosened, worn out"
Aht,"Yemin, ant",Όρκος,Oath
Ahıla vahıla,"Acıma, üzüntü ifade eden sözcükler",Λέξεις που εκφράζουν οίκτο ή λύπη,Words expressing pity or sorrow
Akakiya/Agagiya,Kıbrıs akasyası,Ακακία Κύπρου,Cyprus acacia
Aksona/Agsona,"Tekerlek mili, Dingil",Άξονας,Axle
Alagadi,Balıkçıların misinayı sardıkları makara,Μηχανή αλιείας,Fishing reel
Babakya/Babatya,Papazın karısı,Η γυναίκα του παπά,Priest's wife
Babatsino,"Bir çeşit meyve, diken dudu, böğürtlen","Ένα είδος φρούτου, βατόμουρο","A type of fruit, blackberry"
Babay,"Hoşça kal, Güle güle",Αντίο,Goodbye
Babbarga,Verimsiz toprak,Άγονη γη,Barren land
Babıç/Babış/Babuş,Evin içinde giyilen ayakkabı,Παπούτσι εσωτερικού χώρου,House shoe
Babillaro,Erken olgunlaşan incir,Σύκο που ωριμάζει νωρίς,Early ripening fig
Babudsa,"Kaktüs, Mısır inciri, kaktüs ve meyvesi","Κάκτος, και ο καρπός του","Cactus, prickly pear"
Babutsosiga,"Babutsanın meyvesi, babutsa inciri","Φρούτο του κάκτου, σύκο της Μπαμπουτσάς",Prickly pear fruit
Baççavura/Paçavura,"Eskimiş bez, çaput, kirli ve yırtık bez","Παλιό πανί, κουρέλι","Old cloth, rag"
Bado,"Ayakkabı kalıbı, ayakkabının içine konan yükseltici madde, kat","Σόλα παπουτσιού, ένθετο ανύψωσης","Shoe insert, insole"
Bado,İpek böcekçiliğinde merteklere asılan iplerin arasına bağlanan 60 cm'lik hasırlar,Ψάθες δεμένες μεταξύ των σπειρών που κρέμονται από τους δοκούς στη μεταξουργία,60 cm mats tied between threads hung on beams in silkworm farming
Baduna/Badune,Düztaban,Επίπεδος,Flatfoot
Baduri,Elek,Κόσκινο,Sieve
Bafidi,"Baflı, Baf köyünden olan kişi",Άτομο από την Πάφο,Person from Paphos
Bakara/Bagara,Makara,Τροχαλία,Reel
Baggalao/Buggalao,Tuzlaması yapılan bir tür balık,Ένα είδος αλατισμένου ψαριού,A type of salted fish
Bağado,Dondurma,Παγωτό,Ice cream
Balligarya/Ballikarya/Balligari,Kabadayı,Μπράβος,Bully
Ballura/Pallura,Bir çeşit dikenli bitki,Ένα είδος αγκαθωτού φυτού,A type of thorny plant
Bambulli,"Şişlik, su kabarcığı, baloncuk","Οίδημα, υδατική φούσκα, φυσαλίδα","Swelling, water bubble, bubble"
Bandabuliya,"Belediye çarşısı, kapalı pazar yeri","Δημοτική αγορά, σκεπαστή αγορά","Municipal bazaar, covered market place"
Bango/Banko,Tezgah,Πάγκος,Counter
Barabahna,Hayvanların yem yediği ahşaptan yapılmış yer,Ξύλινη θέση που χρησιμοποιούν τα ζώα για φαγητό,A place made of wood where animals eat
Barabono,"Şikayet, yakınma",Παράπονο,Complaint
Barbadusa/Barbarudsa/Bahbadusa,Yürüteç,Περπατούρα,Walker
Peşgir,Genellikle mutfakta kullanılan küçük havlu,Πετσέτα κουζίνας,Tea towel that is used in the kitchen
Goflamak,Gaza getirmek,να ενθουσιάσει κάποιον,Pump someone up/ Getting someones blood up
Gomma,Arkadaş/Ahbap,Φίλος/Φίλη,Friend
Gannavuri,Uyuşturucu,Ουσίες,Weed Drug
Barella,"Gemilerde pervanelerin takıldığı kısım, pervane yatağı","Θέση του προπέλα σε πλοία, έδραση προπέλας","The part where propellers are installed on ships, propeller bearing"
Barıd,Barut,Μπαρούτι,Gunpowder
Bariya,Dost grubu,Φιλική παρέα,Friend group
Barra,"Çekip gitme, Defolma",Φύγε,Get out of here
Basbalya,"Tokat, şamar",Χαστούκι,Slap
Basdiş/Bastiş,"Nikah veya düğünlerde dağıtılan bir tür pasta, pastiş",Ένα είδος κέικ που διανέμεται σε γάμους,A type of cake distributed at weddings or weddings
Baso,"Vazgeçme, caymak",Εγκαταλείπω,Give up
Bastarda,"Evlilik dışı doğan veya babası belli olmayan çocuk, piç",Εξώγαμο παιδί,Bastard
Bastelli/Basdelli/Pastelli,keçiboynuzu şurubundan yapılan geleneksel bir Kıbrıs tatlısıdır,Παστέλι,Pastelli is a traditional Cypriot sweet made of carob syrup.
Eyya,"Evet, Dogrudur",Ναι,Yes/right/correct
dabaca,kamış ya da dut ağacı dallarından yapılan ekmek sepeti,καλάθι από καλάμια ή κλαδιά μουριάς,basket made of reed or mulberry branches
daf,T biçimindeki boru ek yeri,σύνδεσμος σχήματος Τ,T-shaped pipe joint
dakko,"takoz, sandal desteği","τάκος, στήριγμα για βάρκα","chock, boat support"
dakko/daggo,"büyük parça, fazla","μεγάλο κομμάτι, υπερβολικό","large piece, excess"
daksipa,"beklenmedik bir anda ortaya çıkan, ansızın","εμφανιζόμενος ξαφνικά, απρόσμενα","suddenly appearing, unexpectedly"
dalari/dalar,nor/peynir/hellim süzmeye yarayan sazdan yapılan kap,δοχείο από καλάμι για σούρωμα τυριού/χαλουμιού,vessel made of reed used for straining curd/cheese/hellim
danaş,"akıl almak, fikir sormak","ζητώ συμβουλή, ζητώ γνώμη","to seek advice, to ask for an opinion"
dane,"tohum, adet, her biri","σπόρος, μονάδα, το καθένα","seed, unit, each"
daratsa,"evlerin girişindeki küçük oda, teras","μικρό δωμάτιο στην είσοδο του σπιτιού, βεράντα","small room at the entrance of a house, terrace"
dayak yedi,"oyunda yenilmek, kaybetmek",χάνω σε παιχνίδι,to lose in a game
deyyus,karısını satan veya aldatan,άντρας που πουλάει ή απατά τη γυναίκα του,a man who sells or cheats on his wife
deza,"kıvamında, en yüksek noktasında","στην κορυφή του, σε άριστη κατάσταση","at its peak, in perfect condition"
dırada,"yardımcı balıkçı teknesi, çektiri","βοηθητικό αλιευτικό σκάφος, μικρή ιστιοφόρος βάρκα","auxiliary fishing boat, small sailing boat"
dırahoma,Ortodokslarda güveyiye verilen çeyiz,προίκα που δίνεται στον γαμπρό στην Ορθόδοξη παράδοση,dowry given to the groom in Orthodox traditions
dıramba/trampa,değiş tokuş,"ανταλλαγή, παζάρι","barter, exchange"
dırankaşa,hurda haline gelmiş araba,αυτοκίνητο που έχει μετατραπεί σε παλιοσίδερα,car reduced to scrap
dıraşilya,hayvanların boyunduruğunun altına konan atın bez,πανί τοποθετημένο κάτω από τον ζυγό των ζώων,cloth placed under the yoke of animals
diblari,ikiz kuzu doğuran koyun,προβατίνα που γεννάει δίδυμα αρνάκια,ewe that gives birth to twin lambs
dibozido,büyük su deposu,μεγάλη δεξαμενή νερού,large water tank
diftiri,"çıplak, hiçbir şeyi olmayan","γυμνός, χωρίς τίποτα","naked, having nothing"
diftiros,yarı çıplak,ημίγυμνος,half-naked
dilihti/dilihto/dirihti,ıspanaklı bir tür börek,πίτα με σπανάκι,a type of pastry with spinach
dilliro,dillirgalı,με ντιλίργκα (ειδικός όρος),with dillirga (a specific term)
dimbaro,"davul, trampet, kulak zarı","τύμπανο, ταμπούρο, τύμπανο αυτιού","drum, snare drum, eardrum"
diployeni,sakalı iki yana uzayan,γένια που απλώνονται και στις δύο πλευρές,beard extending to both sides
diplokuskunos,çift horgüçlü deve,καμήλα με δύο καμπούρες,double-humped camel
dirabez/tırabez,masa,τραπέζι,table
diratsani,küçük boynuzlu koç,κριάρι με μικρά κέρατα,ram with small horns
diribidez,sacda pişirilen bir çeşit pide,πίτα ψημένη σε μεταλλική πλάκα,a type of flatbread cooked on a metal sheet
dirifil/tirifil,yabani yonca,άγριο τριφύλλι,wild clover
diriftari,hamur parçalarından yapılmış çorba,σούπα φτιαγμένη από κομμάτια ζύμης,soup made from pieces of dough
dirifti,rende,τρίφτης,grater
diriftiri,"mala, sıvayı düzeltmeye yarayan alet","σπάτουλα, εργαλείο για την εξομάλυνση σοβά","trowel, a tool for smoothing plaster"
diriha,ceketle astar arasına konan kalın kumaş,παχύ ύφασμα τοποθετημένο μεταξύ του σακακιού και της φόδρας,thick fabric placed between a jacket and its lining
diriminis,ölen birinin kırklanana kadar geçen sürede üç aydan gün alması,η περίοδος των τριών μηνών μετά τον θάνατο κάποιου μέχρι την τεσσαρακοστή ημέρα,the period within three months after someone's death until the fortieth day
ditsi/gitsa/diçi,"bir tür av kuşu, çok zayıf","ένας τύπος θηραμάτων, πολύ αδύνατος","a type of game bird, very thin"
ditsiro,"çıplak, çok fakir","γυμνός, πολύ φτωχός","naked, very poor"
diyanisi,yağda kızartılmış soğan,τηγανισμένο κρεμμύδι,fried onion
dombila/dombula/tombila,tombala,μπίνγκο,bingo
dono/tono,bir tonluk ağırlık ölçüsü,μονάδα βάρους ίση με έναν τόνο,a unit of weight equal to one ton
dono,"demet halinde bükülmüş saz, örülmüş sazdan yapılan sandalye","δέσμη από λυγισμένα καλάμια, καρέκλα φτιαγμένη από πλεκτά καλάμια","bundle of bent reeds, chair made of woven reeds"
doriyan,ücretsiz gönüllü çalışan kimse,εθελοντής που εργάζεται χωρίς πληρωμή,a volunteer working without pay
döblek/deblek/deflek/dümlek/döplek,"dümbelek, darbuka","τουμπελέκι, νταρμπούκα","goblet drum, darbuka"
döğen/düven,harmanda ekinin sap ile tanelerini ayıran alet,εργαλείο που χρησιμοποιείται στο αλώνισμα για να διαχωρίσει το σιτάρι από το στάχυ,a tool used in threshing to separate grain from the stalk
dört çar,zarın dört dört gelmesi,ρίξιμο δύο τεσσάρων στα ζάρια,rolling double fours in dice
drabana,matkap,τρυπάνι,drill
draşilla/draşilya,Bağzıkara da denilen bir tür kuş,ένας τύπος πουλιού που ονομάζεται επίσης Μπαγζικάρα,a type of bird also known as Bağzıkara
drohalla/dorobulla,hellim yapılırken artakalan kırıntılar,υπολείμματα από την παραγωγή χαλουμιού,leftover crumbs from making halloumi
drolli,"el arabası, romörk","καροτσάκι, ρυμουλκούμενο","wheelbarrow, trailer"
durulli,"doruk, üst","κορυφή, πάνω","peak, top"
durumbono/drumbono/drumbolo,"öne doğru eğilerek kıçını gösterme, kıç ortaya çıkacak şekilde eğilme","κάμψη προς τα εμπρός για να δείξει τα οπίσθια, σκύψιμο που αποκαλύπτει τα οπίσθια","bending forward to show the buttocks, leaning so the buttocks are exposed"
çabba,toprağı kazmak için kullanılan alet,ξινάρι,pickaxe
çabba,gemi demiri,άγκυρα,anchor
çappık,çabuk,γρήγορος,quick
çakıstez/çakızdez,belirli işlemlerden geçerek hazırlanan Kıbrıs’a özgü yeşil zeytin,τσακιστές ελιές,processed green olives from Cyprus
çakkari,hayvanların boyuna takılan küçük çan,κουδουνάκι για ζώα,small bell worn around the neck of animals
çakraya gelmek,oyuna gelmek,παγιδεύομαι,being tricked
çakrobudilya/çakrobidilya,yumurta otu,σολανό,solanum
çakulet/çukulet/çukulat,çukulata,σοκολάτα,chocolate
çangar,"ayakkabıcı, deri ustası, çangar çizmesi yapan usta","τσαγκάρης, τεχνίτης δερμάτινων ειδών, κατασκευαστής μποτών Çangar","shoemaker, leather craftsman, Çangar boot maker"
çap,"hile,yalan,dolandırma","απάτη, ψέμα","fraud, lie, scam"
çapaçulli,"kötü giyimli,pasaklı","κακοντυμένος, απεριποίητος","poorly dressed, slovenly"
çardelli/sardelli,bitki türü ve onun çiçeği,είδος φυτού και το άνθος του,a type of plant and its flower
çardella,konserve balık,κονσερβοποιημένο ψάρι,canned fish
çat,"birleştirmek, kaynaştırmak","ένωση, σύντηξη","join, fuse"
çatizma/çatismata,manilerle yapılan atışma,αντιπαράθεση με μαντινάδες,verbal duel with rhymes
çember,"kadın başörtüsü,yemeni","μαντίλι, κεφαλόδεσμος","women's headscarf, yemenite headscarf"
çerçelli,hamurdan yapılan bir tatlı,γλυκό από ζύμη,dessert made from dough
"fesat, hileci, karmakarışık durum","κακόβουλος, απατεώνας, χαοτική κατάσταση","malicious, deceitful, chaotic situation",
çilte,şilte,στρώμα,mattress
çimbile,değnekle hayvanı dürtmek,τσιμπώ ζώο με ραβδί,prod an animal with a stick
çiriş,yabani pırasa kökünden yapılan yapıştırıcı,κόλλα από άγριο πράσο,adhesive made from wild leek
çitari,bir tür kumaş,είδος υφάσματος,a type of fabric
çivit,gebe kadınların yüz ve vücutlarında oluşan leke,κηλίδες στο πρόσωπο και το σώμα των εγκύων γυναικών,spots on the face and body of pregnant women
çizi,"saban demirinin bıraktığı iz, tarlada ekilmek için açılan çukur çizgisi","ίχνος αρότρου, αυλάκι σποράς","plow trace, furrow for planting"
çorvacı/çorbacı,osmanlı döneminde rum zenginlerine verilen ünvan,τίτλος που δόθηκε σε πλούσιους Έλληνες κατά την Οθωμανική περίοδο,title given to wealthy Greeks during the Ottoman period
çörçöllikya/çörçöludya,pekmez içine atılan hamur parçalarıyla yapılan bir tür tatlı,γλυκό από κομμάτια ζύμης βουτηγμένα σε πετιμέζι,dessert made from dough pieces dipped in molasses
çukko,madeni para,νόμισμα,coin
çul/çulli,çocuk oyunlarında kazanılan sayı,πόντος σε παιδικό παιχνίδι,point in children's games
çunguri,"cimri, eli sıkı",τσιγκούνης,stingy
Akkanto,Isırık,Δάγκωμα,Bite; otherwise influenced
Alopos,Belki,Ίσως,"Maybe, probably?"
Aminiaz,Hesaplamak,Υπολογίζω,Calculate
Amplepo,Görmek,Βλέπω,See
Abusta,Kutu,Κουτί,Box
Anarka,İnce,Λεπτός,Thinly
Anarkovizou,Göğüsleri ayrık,Με μακρινά στήθη,One whose breasts are more distant than usual
Anarkodont,Seyrek dişli,Αραιά δόντια,One who has sparse teeth
Angelossiazomai,Korkutmak,Φοβίζω,I scare
Angelossiasi,Korku,Τρόμος,"The terror, e.g., 'Angelossia came to me', meaning 'I got a scare'"
Antinasso,Sallamak,Κουνάω,Shake
Antinattes,Patates kızartma yöntemi,Τρόπος μαγειρέματος πατάτας,"Cooking mode for potatoes, fried in a pot with a lot of oil, which shake them vigorously during cooking"
Axinostrafos,Ters,Ανάποδα,"Upside down, inverse"
Apopatos,Latrin,Αποχωρητήριο,Latrine
Apparos,At,Άλογο,"Male, female horse"
Apethkia,Zıplama mesafesi,Απόσταση άλματος,"An informal unit of measurement of length, corresponding to the distance that a person can travel by jumping forward from a static position"
Appidi,Armut,Αχλάδι,The pears
Appithkia,Armut ağacı,Αχλαδιά,The pear tree
Arkajin,Dere,Ρυάκι,The stream
Armarola,Dolap,Ντουλάπα,Wardrobe
Arfali,Göbek,Αφαλός,"The belly button; Metaphorically, 'My harfali fell' = I am very hungry"
Arfos,Kardeş,Αδελφός/Αδελφή,"Brother, sister"
Asselia,Adım uzunluğu,Βήμα,"Unit of measurement of length equal to one stride; Metaphorically, the short distance, as well as the lack of effort"
Ajia,Ekmek kabuğu,Κρούστα ψωμιού,"The edge of bread, the crust"
Avlagin,Oluk,Αυλάκι,The groove
Aftento,Yakmak,Ανάβω,Light up
I skim,Hapşırmak,Φτερνίζομαι,I sneeze
Bacla,Kuyruk,Ουρά,The tail of the sheep
Boat,Sıkılmak,Βαριέμαι,I'm bored
Vasto,Tutmak,Κρατώ,Hold
Vilomoutsounos,Çirkin adam,Άσχημος άντρας,The Very Ugly Man
Villa,Erkek cinsel organı,Αρσενικό γεννητικό όργανο,The male genital organ
Vitsa,Değnek,Ράβδος,"The rod; Metaphorically, the very thin man"
Vlanji,Karaciğer,Συκώτι,The liver
Volitzi,Çatı kirişleri,Δοκάρια στέγης,The wooden beam of the roof
Volo,Çamura saplanmak,Κολλήθηκα στη λάσπη,I got stuck in the mud
Bortakos,Kurbağa,Βάτραχος,The frog
Bortos,Öküz,Βόδι,"The male ox; Metaphorically, the Fat Man or the man who has no manners"
Voukka,Yanak,Μάγουλο,Cheek
Vukkalletikon,Tombul yanaklı çocuk,Παιδί με χοντρά μάγουλα,"Kid with chubby cheeks; Metaphorically, the spoiled one"
Whelk,Isırık,Δάγκωμα,The bite
Vounoloui,Tepe,Λόφος,The hill
Bandabulya,"Pazar, kapalı Pazar",Μπανταμπουλιά,"Market, covered market"
Banigo,Mutfak tezgahı,Μπανίγκο,Kitchen counter
Bögün,Bugün,Σήμερα,Today
Bavuri,Bidon,Μπαβουρί,Canister
Barya,"Dost, arkadaş gurubu",Παρέα,"Friend, group of friends"
Cira,Kadın,Τσίρα,(Greek) Woman
Ekşi,Limon,Λεμόνι,Lemon
Fica,Deniz yosunu,Φύκια,Seaweed
Gabbella,Şapka,Γκαπέλα,Hat
Guli,Köpek yavrusu,Κουτάβι,Puppy
İstatü,Statü,Στάτους,Status
Lamarina,Sac,Λαμαρίνα,Sheet metal
Lenger,Kova,Λένγκερ,Bucket
Mısmıl,Sağlam,Γερός,Sturdy
Mop,Paspas,Σφουγγαρίστρα,Mop
Penna,Tükenmez kalem,Πένα,Pen
Pünez ,Raptiye/süzgeç,Πούνες/Σουρωτήρι,Thumbtack/Strainer
Pirilli ,Camdan misket,Μαρμαράκι,Marble (glass bead)
Pasadembo ,Kabak çekirdeği,Σπόρια,Pumpkin seed
Seki,Basamak,Σκαλοπάτι,Step
Saggo,Ceket,Σακάκι,Jacket
Solina,"Demir boru, su borusu",Σωλήνας,Pipe
Motini,"Araba, otomobil",Αυτοκίνητο,Car
Yiro,"Dönmek, tur atmak",Γύρος,To turn
Zibil,Çöp,Σκουπίδι,Garbage
Zip,Fermuar,Φερμουάρ,Zipper
ακκάννω,ısırmak,δαγκώνω,bite
άλλωσπως,başka şekilde,"με άλλο τρόπο, αλλιώς",otherwise
αλόπως,"belki, muhtemelen","μήπως, πιθανώς","perhaps, possibly"
αμινιάζω,hesaplamak,υπολογίζω,calculate
αμπλέπω,görmek,βλέπω,see
αμπούστα,kutu,κουτί,box
ανάνοικτος,açılmamış,αυτός που δεν έχει ανοικτεί ποτέ,unopened
ανάρκα,seyrek,αραιά,sparsely
αναρκοβυζού,aralıklı göğüsler,αυτή που τα στήθη της έχουν μεγαλύτερη απόσταση,wide-spaced breasts
αναρκοδόντης,seyrek dişli,αυτός που έχει αραιά δόντια,gap-toothed
αντζελοσσιάζουμαι,korkmak,τρομάζω,get scared
αντζελόσσιαση,korku,η τρομάρα,fright
αντινάσσω,sallamak,τινάζω,shake
αντιναχτές,sarsarak pişirilmiş patates,τηγανιτές πατάτες που τις κουνάνε δυνατά,shaken fried potatoes
αξινόστραφος,"ters, tersine","ανάποδος, αντίστροφος","reverse, opposite"
απόπατος,tuvalet,αποχωρητήριο,toilet
άππαρος,erkek at,αρσενικό άλογο,stallion
αππηθκιά,mesafe ölçü birimi,άτυπη μονάδα μέτρησης μήκους,unit of distance
αππίδι,armut,αχλάδι,pear
αππιθκιά,armut ağacı,αχλαδιά,pear tree
αρκάτζιν,dere,ρυάκι,stream
αρκημός,başlangıç,"αρχή, ξεκίνημα",beginning
άρκοψες,yarın akşam,αύριο το βράδυ,tomorrow evening
αρμαρόλα,dolap,ντουλάπα,wardrobe
αρφάλι,göbek deliği,αφαλός,belly button
αρφός,erkek kardeş,αδερφός,brother
ασσελιά,adım mesafesi,μονάδα μέτρησης μήκους ίση με έναν διασκελισμό,step distance
ατζία,ekmeğin kabuğu,η κόρα,bread crust
αυλάτζιν,hendek,αυλάκι,trench
αφτέννω,ateş yakmak,ανάβω,ignite
αψιουρίζουμαι,hapşırmak,φταρνίζομαι,sneeze
Βάκης,Vakis (isim),Βάκης,Vakis (name)
βάκλα,koyun kuyruğu,ουρά του προβάτου,sheep tail
βαρκούμαι,sıkılmak,βαριέμαι,get bored
βαστώ,tutmak,κρατώ,hold
βιλλομούτσουνος,çirkin,πολύ άσχημος άνθρωπος,very ugly person
βίλλος,erkeklik organı,αρσενικό γεννητικό όργανο,male genitalia
βίτσα,ince dal,βέργα,twig
βλαντζί,karaciğer,συκώτι,liver
βολίτζι,çatı kirişi,ξύλινο δοκάρι της στέγης,roof beam
βολώ,çukurda sıkışmak,κόλλησα στις λάσπες,get stuck in mud
βόρτακος,kurbağa,βάτραχος,frog
βόρτος,erkek öküz,αρσενικό βόδι,bull
βούκκα,yanak,μάγουλο,cheek
βουκκαλλέτικον,yanaklı çocuk,παιδί με παχουλά μάγουλα,chubby-cheeked child
βούκκος,lokma,μπουκιά,bite
βουναλλούι,tepecik,λοφάκι,hillock
βουρβουλλάς,sümüklü böcek,γυμνοσάλιαγκας,slug
βούρνα,lavabo,νεροχύτης,sink
βουρνί,hayvan yemliği,ταΐστρα,trough
βούριστρα,koşuşturma,τα τρεχάματα,running around
βούρος,koşmak,τρέξιμο,running
βρίξε,susmak,σώπα,shut up
βυζοκούππι,sütyen,στηθόδεσμος,bra
γαίμα,kan,αίμα,blood
γαμίστρα,yatak,κρεβάτι,bed
γάρος,eşek,γάιδαρος,donkey
γιανίσκω,iyileşmek,αναρρώνω,recover
γιουτώ,uygun olmak,συγκατανεύω,agree
γρόσι,kuruş,μικρό νόμισμα,small coin
δισκοθήκη,diskotek,ντισκοτέκ,discotheque
δίχα,olmadan,δίχως,without
δόντι,diş,δόντι,tooth
δρώμα,ter,ιδρώτας,sweat
έρκουμαι,gelmek,έρχομαι,come
έσιει,var,έχει,has
εσσέξιξι!,öfke ifadesi,εκφράζει αγανάκτηση,expression of anger
έσσω,evde,μέσα,home
ζάβαλλι,zavallı,ταλαιπωρία,poor thing
ζαβός,çarpık,στραβός,crooked
ζαβώνω,çarpıtmak,στραβώνω,twist
ζάμπα,bacak,γάμπα,calf (leg)
ζίζιρος,cırcır böceği,τζίτζικας,cicada
ζίλικουρτι,sus!,σκασμός,shut up
ζώλος,kötü koku,άσχημη μυρωδιά,bad smell
ήντα,ne,τι,what
θαρκούμαι,sanmak,νομίζω,think
θερκό,yılan,φίδι,snake
θκιάλος,şeytan,διάβολος,devil
θωρκά,görünüş,όψη,appearance
θωρώ,görmek,βλέπω,see
καϊλώ,kabul etmek,δέχομαι,accept
κάκκαφα,engebeli arazi,ανώμαλα εδάφη,rough terrain
Κάκα,Georgia'nın kısaltması,Γεωργία'nın takma adı,short for Georgia
Κάκος,Kyriakos'un kısaltması,Κυριάκος'un takma adı,short for Kyriakos
καλό,tabii,αμέ,of course
καλοήρα,sepet,πανέρι,basket
καμμώ,göz kapamak,κλείνω τα μάτια μου,close my eyes
καραόλος,salyangoz,σαλιγκάρι,snail
καρκασαλλίκκι,gürültü,φασαρία,noise
καρκιά,kalp,καρδιά,heart
καρκόλα,yatak,κρεβάτι,bed
καρτζί,karşı,απέναντι,opposite
κάττος,kedi,γάτος,cat
κατρατζύλι,kaydırak,τσουλήθρα,slide
κατσιαρίζω,gürültü yapmak,κάνω θόρυβο,make noise
καύκω,yakmak,καίω,burn
κάφκα,metres,ερωμένη,mistress
Κίκα,Kyriaki'nin kısaltması,Κυριακή'nin takma adı,short for Kyriaki
Κίκης,Kyriakos'un kısaltması,Κυριάκος'un takma adı,short for Kyriakos
κιοφτές,köfte,κεφτές,meatball
κκελλέ,kafa,κεφάλι,head
κκελλετζής,koca kafalı,μεγάλο κεφάλι,big-headed
κκέλης,kel,φαλακρός,bald
κλάτσα,çorap,κάλτσα,sock
Κόκος,Giorgos'un kısaltması,Γιώργος'un takma adı,short for Giorgos
κόλλα,kağıt sayfası,φύλλο χαρτιού,sheet of paper
κομμόροτσος,büyük taş,ακατέργαστη μεγάλη πέτρα,large rough stone
κόρη,kız,κορίτσι,girl
κοτζιάκαρη,yaşlı kadın,γριά,old woman
κοτολέττα,pirzola,μπριζόλα,chop
κότσινος,kırmızı,κόκκινος,red
κότσιρος,dışkı,κουράδα,excrement
κουκκουφκιάος,baykuş,κουκουβάγια,owl
κούλλουφος,bakımsız,ατημέλητος,unkempt
κουπέπι,sarma,ντολμάς,stuffed grape leaves
κουφή,yılan,φίδι,snake
κραμπί,lahana,λάχανο,cabbage
κρούζω,yakmak,καίω,burn
κρώννουμαι,duymak,ακούω,hear
κωλοσύρνω,çekmek,τραβώ,pull
λαλώ,söylemek,λέω,say
λαμπρατζιά,Paskalya ateşi,φωτιά της Ανάστασης,Easter fire
λαομός,korku,τρόμος,fear
λαόνουμαι,korkmak,φοβάμαι,be afraid
λαόνω,korkutmak,τρομάζω,scare
λαός,tavşan,λαγός,hare
λάου λάου,yavaş yavaş,σιγά σιγά,slowly
λάσσω,havlamak,γαυγίζω,bark
λαφαζάνης,lafazan,φαφλατάς,blabbermouth
λαφαζανιά,abartı,υπερβολή,exaggeration
λιγκρίν,bir oyun,παιχνίδι,a game
λίξης,tatlıyı seven,λιγούρης,sweet-toothed
λογιάσματα,nişan töreni,λογοδοσία,engagement ceremony
λογιασμένος,nişanlı,λογοδοσμένος,engaged
λυσσιάρης,aç gözlü,λιγούρης,gluttonous
λυσσιοπινώ,çok aç olmak,πεθαίνω της πείνας,starving
λυσσιώ,kızmak,θυμώνω,get angry
λίω,eritmek,λιώνω,melt
λόττα,domuz,θηλυκό γουρούνι,female pig
λουβί,kara göz fasulyesi,μαυρομάτικο φασόλι,black-eyed pea
λουβούιν,ufalanmış,θρύμμα,crumb
λουβώ,ufalamak,θρυμματίζω,crumble
λούκκος,çukur,λακάκι,dimple
μαείρισσα,tencere,κατσαρόλα,pot
μαϊμούνα,maymun,μαϊμού,monkey
μαϊττάππι,alay,κοροϊδεμα,mockery
μαλαχτός,yumuşak,μαλακός,soft
μαννός,aptal,ηλίθιος,stupid
μαξιλαρόντυμα,yastık kılıfı,μαξιλαροθήκη,pillowcase
μάππα,top,μπάλα,ball
μάππουρος,kozalak,κουκουνάρι,pine cone
μαστραππάς,metal kap,μεταλλικό δοχείο,metal container
μεζετζής,meze sever,αυτός που του αρέσουν οι μεζέδες,one who loves meze
μεσοβυζιά,göğüs arası,ο χώρος ανάμεσα στα στήθη,cleavage
μηάλος,büyük,μεγάλος,big
μηαλιώνας,başparmak,αντίχειρας,thumb
μίλλα,yağ,λίπος,fat
μιτσής,küçük,μικρός,small
μμάτι,göz,μάτι,eye
μονή,yatak,κρεβάτι,bed
μοτόρα,motosiklet,μοτοσυκλέτα,motorcycle
μουβλούκα,yastık,μαξιλάρι,pillow
μούλος,katır,μουλάρι,mule
μουτταρκά,dik arazi,απόκρυμνα έδαφη,steep terrain
μουττάς,büyük burunlu,μεγάλη μύτη,big-nosed
μούττη,burun,μύτη,nose
μούχτιν,bedava,δωρεάν,free
μουχτιτζής,beleşçi,αυτός που επιδιώκει να παίρνει πράγματα δωρεάν,freeloader
μωρεύκουμαι,çocuklaşmak,παλιμπαιδίζω,act childishly
νεύκω,başını sallamak,γνέφω,nod
νησιάνι,askeri rozet,στρατιωτικό διακριτικό,military insignia
νίφκουμαι,yüz yıkamak,νίβομαι,wash face
ντζίζω,dokunmak,αγγίζω,touch
ξηφτερίζω,tüy yolmak,ξεπουπουλιάζω,pluck feathers
ξεροτήανο,lokma tatlısı,λουκουμάς,doughnut
ξιμαρισμένος,kirli,λερωμένος,dirty
όι,hayır,όχι,no
οξά,veya,ή,or
όξινο,limon,λεμόνι,lemon
όξυπνος,zeki,έξυπνος,smart
ορκά,kol mesafesi,μονάδα μέτρησης μήκους,unit of length
ούλλος,tam,ολόκληρος,whole
ούσσου,sus!,σώπα!,shut up!
ούτσιαλι,aşırı yemek,πολύ φαΐ,overeating
οφτός,kızartılmış,ψητός,roasted
παγκούι,küçük bank,παγκάκι,bench
παθκιά,ayak izi,πάτημα,footprint
παλάτι,saray,παλάτι,palace
παλιώνω,güreşmek,παλεύω,wrestle
Πάμπος,Haralambos'un kısaltması,Χαράλαμπος'un takma adı,short for Haralambos
πάννα,iç zar,λεπτή μεμβράνη,thin membrane
παννίζω,ilk kez giymek,χρησιμοποιώ κάτι για πρώτη φορά,wear something for the first time
παουρίζω,bağırmak,φωνάζω,shout
παπίλλαρος,ilk incir,τα πρώτα σύκα,first figs
παπίρα,ördek,πάπια,duck
πάππαλλα,bitti,τέλος,end
παραπόττης,hain,αυτός που κάνει ατιμίες,traitor
παρπέρης,berber,κουρέας,barber
πασιαμάς,eğlence,χαβαλές,fun
πασπίσκοπος,başpiskopos,αρχιεπίσκοπος,archbishop
πασσύς,şişman,παχύς,fat
πατανία,battaniye,κουβέρτα,blanket
πατί,adım,βήμα,step
πατσαρκά,tokat,χαστούκι,slap
πατσιαούρα,bakımsız kadın,ατημέλητη γυναίκα,unkempt woman
πατταλόνι,pantolon,παντελόνι,pants
παττίχα,karpuz,καρπούζι,watermelon
πεζούνι,güvercin,περιστέρι,pigeon
πελλαμός,delilik,τρέλλα,madness
πελλανίσκω,delirmek,τρελλαίνομαι,go mad
πελλάρα,delilik,τρέλλα,madness
πελλός,deli,τρελλός,crazy
πηλός,çamur,λάσπη,mud
πιθκιάυλι,kaval,πνευστό μουσικό όργανο,flute
πιθκιαβλοζάμπης,ince bacaklı,λεπτά πόδια,thin-legged
πιλέ,zaten,ήδη,already
πίσσα,sakız,τσίχλα,chewing gum
πιττώνω,baskı yapmak,πλακώνω,press down
πλυννίσκω,yıkamak,πλένω,wash
ποζαύλιν,kül,αποκαΐδι,ash
ποζουρτώ,çok yorulmak,κουράζομαι πάρα πολύ,get very tired
ποήνα,çizme,μπότα,boot
πόι,ayak,πόδι,foot
ποθκιά,önlük,ποδιά,apron
ποθκιάντροπος,utanmaz,ξεδιάντροπος,shameless
ποϊνάρι,paça,μπατζάκι,trouser leg
πολογιάζω,kovmak,αποδιώχνω,drive away
πομιλόρι,domates,ντομάτα,tomato
πόμπα,bomba,βόμβα,bomb
ποξαμάτι,peksimet,παξιμάδι,rusk
πορνόν πορνόν,sabahın köründe,πρωί πρωί,early morning
πότσα,şişe,μπουκάλα,bottle
'πο τζεί,oradan,από εκεί,from there
πούζα,kasık fıtığı,κήλη,hernia
πούκουππα,ters,ανάποδα,upside down
πουλλαόφωνος,ince sesli,λεπτή φωνή,high-pitched voice
πούλλες,kızartılmış patlıcan dilimleri,τηγανιτές φέτες μελιτζάνας,fried eggplant slices
πουπούξιος,baykuş,κουκουβάγια,owl
πουρέκκα,tatlı kız,γλυκιά κοπέλα,sweet girl
πουρέκκι,börek,μπουρέκι,borek
πουττεύκω,korkmak,δειλιάζω,be afraid
πούττος,kadın cinsel organı,γυναικείο γεννητικό όργανο,female genitalia
ποφκάλλω,yormak,κουράζω,tire out
ππάλα,balta,μπαλτάς,cleaver
ππαλουζές,üzüm jölesi,μουσταλευριά,grape jelly
ππαραόπιστος,cimri,τσιγκούνης,stingy
ππαράς,para,χρήμα,money
ππεζεβένγκης,kerata,κερατάς,cuckold
ππούλλι,aptal,ηλίθιος,idiot
ππουνιά,yumruk,γροθιά,punch
ππουρτού,eşyalar,τα υπάρχοντα,belongings
πρότσα,çatal,πηρούνι,fork
πυρά,sıcaklık,ζέστη,heat
πυρκολώ,ateş yakmak,βάζω φωτιά,set fire
ρα,kızlar için hitap,αναφορά προς κοπέλα,address to girls
ρέσσω,geçmek,περνώ,pass
ριάλια,para,λεφτά,money
ρότσος,taş,πέτρα,stone
σάζω,düzenlemek,φτιάχνω,fix
σάκκος,palto,παλτό,coat
σαντανωσιά,kargaşa,ανακατοσούρα,turmoil
σαρκά,süpürge,σκούπα,broom
σάτζη,sığ tava,ρηχό μεταλλικό μαγειρικό σκεύος,shallow pan
σβηστήρι,silgi,γομολάστιχα,eraser
σεντ,kuruş,νόμισμα,cent
σεφταλιά,köfte,κρέας τυλιγμένο σε μεμβράνη,meat wrapped in membrane
σιακατούρι,yokuş aşağı,κατηφόρα,downhill
σιεηττάνης,yaramaz,άτακτος,mischievous
σιεροκουτάλα,meraklı kadın,περίεργη γυναίκα,curious woman
σιέζω,kaka yapmak,χέζω,poop
σιέρι,el,χέρι,hand
σίερο,demir,σίδερο,iron
σιερώνω,ütülemek,σιδερώνω,iron (clothes)
σιερώστρα,ütü masası,σιδερώστρα,ironing board
σιέσης,korkak,δειλός,coward
σιονώνω,dökmek,χύνομαι,spill
σιόρ,bey,κύριος,mister
σιουσιούκκος,geleneksel tatlı,παραδοσιακό κυπριακό γλυκό,traditional sweet
σίστος,kadın cinsel organı,γυναικείο γεννητικό όργανο,female genitalia
σκαρπάρης,kunduracı,τσαγκάρης,cobbler
σκατούλλικα,taşlarla oynanan oyun,παιχνίδι με πέτρες,game with stones
σκεμπέ,karın,κοιλιά,belly
σκεμπετζής,göbekli,κοιλαράς,pot-bellied
σκλουβέρι,işlemeli kumaş,κεντητό ύφασμα,embroidered fabric
σκουλούτζι,solucan,σκουλήκι,worm
σμιλί,ince iğne,μικρή μεταλλική βελόνα,fine needle
σοίρος,domuz,γουρούνι,pig
σούζω,sallamak,κουνώ,shake
σούσα,salıncak,κούνια,swing
σπαρκώνω,çiftleşme zamanı,περίοδος ζευγαρώματος,mating season
σσιάζουμαι,bakmak,βλέπω,see
σσίζω,yırtmak,σκίζω,tear
σούζμα,sallanma,κούνημα,rocking
σσεπέττος,tüfek,κυνηγετικό όπλο,shotgun
σσυλλόπελλος,çılgın,τρελός,crazy
σσύλλος,köpek,σκύλος,dog
Στάλω,Hristina'nın kısaltması,Χρυσή'nin takma adı,short for Hristina
στετέ,büyük anne,γιαγιά,grandmother
στράτα,yol,δρόμος,road
συλάρι,bulamaç,χυλός,gruel
συνάω,toplamak,μαζεύω,gather
συνότζιαιρος,akran,συνομήλικος,peer
συντυχάνω,sohbet etmek,συνομιλώ,converse
σύξηλος,şok olmak,άναυδος,shocked
σύρνω,atmak,ρίχνω,throw
σωρόφκω,toplamak,συγκεντρώνω,collect
τάβλα,masa,τραπέζι,table
ταπέλλα,tabela,πινακίδα,sign
ττάππος,tıkacı,φελλός,cork
τατάς,vaftiz babası,νονός,godfather
τζαί,ve,και,and
τζιαμέ,orada,εκεί,there
τζυλώ,yuvarlanmak,κυλώ,roll
τζείνη,o (dişi),εκείνη,she
τζείνος,o (eril),εκείνος,he
τζισβές,cezve,μπρίκι,coffee pot
τζίτρινος,sarı,κίτρινος,yellow
τζοιμούμαι,uyumak,κοιμάμαι,sleep
τζυλώ,yuvarlanmak,κυλώ,roll
τηάνι,tava,τηγάνι,frying pan
τηανίζω,kızartmak,τηγανίζω,fry
τιτσίν,parça,κομμάτι,piece
τίτσιρος,çıplak,γυμνός,naked
τουρτουρώ,titremek,τουρτουρίζω,shiver
τράουλλος,teke,τράγος,goat
τρι,ev yapımı makarna,χειροποίητα ζυμαρικά,handmade pasta
τσαέρα,sandalye,καρέκλα,chair
τσανιάζω,tırmalamak,γρατσουνώ,scratch
τσεντί,cüzdan,πορτοφόλι,wallet
τσενγκένης,çingene,γύφτος,gypsy
τσιλλώ,itmek,σπρώχνω,push
τσιφτές,bozuk para,μικρό νόμισμα,small coin
τσούρα,keçi,κατσίκα,goat
τταλαττούρι,cacık,τζατζίκι,tzatziki
Τταλού,Hristina'nın kısaltması,Χρυσή'nin takma adı,short for Hristina
τταπουροκολού,motosiklet,μοτοσυκλέτα,motorcycle
φακκώ,vurmak,χτυπώ,hit
φάουσα,sus,σκασμός,shut up
φίνα,küçük yılan,μικρό φίδι,small snake
φκάλλω,çıkarmak,βγάζω,remove
φκιακάς,büyük kulaklı,μεγάλα αυτιά,big-eared
φκιολάρης,kemanist,βιολιστής,violinist
φκιολί,keman,βιολί,violin
φκιόρο,çicek,λουλούδι,flower
φλόκκος,paspas,σφουγγαρίστρα,mop
φόκος,ateş,φωτιά,fire
φουκού,barbekü,μεταλλικό δοχείο,barbecue
φουντάνα,musluk,βρύση,faucet
φρουτσίν,fırça,πινέλο,brush
φτείρα,bit,ψείρα,lice
φτιν,kulak,αυτί,ear
φωθκιά,ateş,φωτιά,fire
χάι χούι,eğlence,χαβαλές,fun
χαμαί,yere,κάτω,down
Χαμπής,Haralambos'un kısaltması,Χαράλαμπος'un takma adı,short for Haralambos
χαρτούτσα,fişek,φυσίγγιο,cartridge
χαρτωμένος,nişanlı,αρραβωνιασμένος,engaged
χογλώ,kaynatmak,βράζω,boil
χτηνό,hayvan,κτήνος,animal
χτίν,havan,γουδί,mortar
χτιτσιό,pislik,βρωμιά,filth
χτιτσιολοώ,kötü kokmak,βρωμάω,stink
χτοσιέριν,havan tokmağı,γουδοχέρι,pestle
ψατζή,zehir,δηλητήριο,poison
ψάρι,balık,ψάρι,fish
Adez,Kırılmış mercimek,Σπασμένες φακές,Broken lentils
Barbadusa,Yürüteç,Περπατούρα,Walker (baby walker)
Guruvulla,Cehennem topuzu,Ρόπαλο της κόλασης,Hell's mace
Gulumbra,Cehennem topuzu,Ρόπαλο της κόλασης,Hell's mace
Caket,Ceket,Σακάκι,Jacket
Açuçu,"Köpekleri çağırırken kullanılan ses, kuçu kuçu","Φωνή για να καλέσεις σκύλους, κούτσου κούτσου","Sound used to call dogs, kootsoo kootsoo"
Adiyo,Papazaltadan,Πάτερ Νόστρουμ (παράδειγμα),From the priest's house
Açacak,"Anahtar, kilidi açıp kapatmak için kullanılan alet","Κλειδί, εργαλείο για άνοιγμα κλειδαριάς","Key, tool used for opening and closing locks"
Açgi,Oklava,Πλάστης,Rolling pin
Karnabit,"Çiçek Lahanası, Değirmenlik (Kytrea) bölgesinden yetiştirilmiş",Κουνουπίδι από την περιοχή Κιότρεα,Cauliflower from the Kytrea region
Çilenmek,Çile çekmek,Υποφέρω,To suffer
Çilte,Şilte,Στρώμα,Mattress
Cimcik,Çimcimlemek,Τσιμπήματα,Pinch
Cimciklemek,Çimcimlemek,Τσιμπώ,To pinch
Cıngı,Kıvılcım,Σπινθήρας,Spark
Labicana,"Dabacana, su bidonu",Δοχείο νερού,Water container
Daban,"Düz ayak, ayakkabının alt tabanı","Πατούσα, σόλα παπουτσιού","Flat foot, shoe sole"
Darbaz,Kaba yapılı kişi,Χοντροκομμένος άνθρωπος,Rough-built person
Dibelik,"Büsbütün, daima","Εντελώς, πάντα","Completely, always"
Argasti,"Sürüngen, saçak halindeki kökleri derinlere giden muzır ot","Ερπετό, επιβλαβές φυτό με ρίζες που πηγαίνουν βαθιά","Reptile, harmful plant with roots that go deep"
Ali Dayı,Kaba,Χοντροκομμένος,Rough
Dayday,"Çocuğun yavaş yavaş yürümesi, çocuğun yürümesini sağlayan alet","Περπάτημα αργά από το παιδί, εργαλείο για το περπάτημα","Child walking slowly, walking aid for children"
Daydaylamak,Çocuk gibi yavaş yavaş yürümek,Περπατώ αργά σαν παιδί,To walk slowly like a child
Debozito,Teminat,Εγγύηση,Guarantee
Depozito,Teminat,Εγγύηση,Guarantee
Dedirgin,Tedirgin,Ανήσυχος,Uneasy
Garulya,Kıbrıs'a ait fincan işi,Κύπριος καφές,Cyprus coffee
Carozza,Fayton/payton,Αμαξάκι,Carriage
Gastanya,"Kayıngillerden, kerestesi güzel bir orman ağacı","Κάστανο, δέντρο με καλής ποιότητας ξύλο","Chestnut, a tree with good quality wood"
Gaşer,"Kasiyer, kasada para almak için bekleyen kişi",Ταμίας,Cashier
Gatsambroki,"Başsız, tahtadan kibrit yarısı","Ακέφαλος, ξύλινο μισό σπίρτο","Headless, half wooden matchstick"
Gatsavida,Bükü,Βίδα,Screw
Gatsignora,"Serçegillerden, kargaya benzeyen, uzun kuyruklu bir kuş. Pica Pica, Saksağan","Κίσσα, πουλί με μακριά ουρά που μοιάζει με κοράκι","Magpie, long-tailed bird similar to a crow"
Gavorgana,Tanrı cezanı versin,Ο Θεός να σε τιμωρήσει,May God punish you
Gavvorgane,Tanrı cezanı versin,Ο Θεός να σε τιμωρήσει,May God punish you
Gavuri,Erkek eşek,Γάιδαρος (αρσενικός),Male donkey
Gavumades,"Kurumuş, tuzlanmış zeytin","Αποξηραμένες, αλατισμένες ελιές","Dried, salted olives"
Gavurinihtes,"Kurutulmuş, tuzlanmış zeytin","Αποξηραμένες, αλατισμένες ελιές","Dried, salted olives"
Gordon,"Kalın sicim, madolyan veya saat asmak için zincir","Παχύ σχοινί, αλυσίδα για μετάλλιο ή ρολόι","Thick string, chain for a medal or watch"
Gonnara,Dikenli tülünbeye benzer,Μοιάζει με αγκαθωτό φυτό,Resembles a thorny plant
Gonga,"İki top iskambil ile oynanan, en az iki kişinin oynadığı kağıt oyunu",Παιχνίδι με τράπουλα που παίζεται με δύο τράπουλες (συμπεριλαμβανομένων των τζόκερ) από δύο ή περισσότερα άτομα,Card game played with two decks (including jokers) by two or more people
Griko,"Ağır bir şeyi kaldırmak için kullanılan alet, kriko",Γρύλος για την ανύψωση βαρέων αντικειμένων,Jack for lifting heavy objects
Fışkı,Gübre,Κοπριά,Manure
Yiro,"Daire, çember, roundabout","Κύκλος, κυκλικός κόμβος","Circle, roundabout"
Yuro,"Daire, çember, roundabout","Κύκλος, κυκλικός κόμβος","Circle, roundabout"
Roundabout,"Daire, çember","Κύκλος, κυκλικός κόμβος","Circle, roundabout"
Zuk,Kıbrıs rakısı,Κυπριακό ρακί,Cypriot raki
Zivania,Kıbrıs cibre brendisidir,Κυπριακό τσίπουρο,Cypriot pomace brandy
Zivaniya,Kıbrıs cibre brendisidir,Κυπριακό τσίπουρο,Cypriot pomace brandy
tabellacı,tabella yazan kimse,πινακιστής,sign writer
tahan,tahın,ταχίνι,tahini
tahanlı,tahınlı,ταχινόπιτα,tahini pie
tahınlı,tahin kullanılarak yapılan spiral tatlı,ταχινόπιτα,tahini roll
tahta tahta ben var,Babi Düme oyununa benzer bir çocuk oyunu,ξύλινο παιχνίδι,wooden game
takka,"kimi kuşların tepelerinde bulunan uzunca tüy, sorguç",φούντα,plume
takkalı,takkası olan,με φούντα,with a plume
takkalı,"toprak renginde, takkalı, göçmen olmayan, yerli bir kuş",τοπικό πτηνό,native bird
talar,"nora şekil vermede kullanılan, süpürge otundan veya ince dallardan yapılmış bir tür küçük sepet",καλάθι,basket
talatur,"yoğurt, ayran içine hıyar doğranarak yapılan çok kez sarımsaklı soğukluk, cacık",τταλατούρι,tzatziki
talya,patates çiçeği,λουλούδι πατάτας,potato flower
tamburça,"deriden yapılmış, deliksiz, evsemekte kullanılan elek",σουρωτήρι,sieve
tatari,tat olan,γευστικός,tasty
tatari,dengesiz kişi,άστατος,unstable person
tatlı leymon,"yuvarlak, düz kabuklu, içi tatlı bir limon türü",γλυκό λεμόνι,sweet lemon
tavatır,"ağızlarda dolaşan ve doğruluğu belli olmayan haber, söylenti",φήμη,rumor
tayfalmak/tayfalanmak,fazla acıkmak,πεινάω πολύ,to be very hungry
tayfalmak/tayfalanmak,bayılmak(bilincin kapanması anlamında),λιποθυμώ,to faint
tebareki,ölünün gömüldüğü gece Kuran’dan ayet okunması,τεμπαρέκι,reading Quran verses
tehel,"makineyle yapılan dikiş, teyel",γαζί,stitch
tehellemek,"tehelle tutturmak ya da tehel vurmak, teyellemek",γαζώνω,to stitch
tehelli,"tehelle tutturulmuş ya da tehel vurulmuş, teyelli",ραμμένος,stitched
tekeç/tekeş,eşi kaybolmuş hayvan,χήρα ζώο,widowed animal
tekerlek oyunu,çember oyunu,παιχνίδι με στεφάνι,hoop game
tele,"Kumaşla astar arasına konularak giysinin dik durmasını sağlayan kolalı bez, tela",διπλή,interfacing
tele,dikiş ipliği,κλωστή,sewing thread
tele almak,alay etmek,κοροϊδεύω,to mock
telli karga,"uzun kuyruklu, siyah, göğüs kısımları yeşilimsi bir karga türü",καρακάξα,magpie
temre,"deride yer yer küme durumundaki birtakım karartılarla kendini gösteren hastalık, temreği",έκζεμα,eczema
temreyi,"deride yer yer küme durumundaki birtakım karartılarla kendini gösteren hastalık, temreği",έκζεμα,eczema
tenbel,tembel,τεμπέλης,lazy
tente,her türlü iplikle örülen ya da kumaşın kenraına işlenen türlü biçimde ince ve ağımsı örgü,κρόσι,fringe
tepreşmek,"yeniden ortaya çıkmak, nüksetmek",ανακάμπτω,to relapse
tepreşmek,"kımıldamak, oynamak",κινώ,to move
tepsermek,"ıslak bir şeyin az biraz suyunu çekmesi, kurumaya yüz tutması",στεγνώνω,to start drying
tepsermek,nemlenmek,υγραίνομαι,to get damp
terb/terf,küçük baş hayvanların iç organlarını kaplayan ince zar,μεμβράνη,membrane
terb/terf,gömlek,πουκάμισο,shirt
terhunotu,yerdenbahar,στρουθιονικό,tarragon
terpiz,"ortalığın birbirine düşüp karışması, karışıklık, kargaşalık",αναταραχή,chaos
terpiz,"her şeyi fenaya almak huyunda olan, kötüye yorucu",αρνητικός,negative
terpiz,"karıştırıcı, arabozucu",ανακατεύω,troublemaker
terpizlik,"karıştırıcılık, arabozuculuk, fesatlık",αταξία,mischief
tey,asma filizi,κλήματα,vine shoot
tey,kavun ya da karpuz sürgünü,σπόρος πεπονιού,melon sprout
tezek,sabanın veya belin kaldırdığı iri toprak,χώμα,clod
tıbık,kuş tutmada kullanılan üzerine okşa veya süpürge darısından yapılan yapışkan madde sürülmüş değnek,ραβδί παγίδευσης,bird trapping stick
tımbırdama,"tımbır tımbır ötme, ses çıkarma",θορυβώ,to buzz
tımbırdamak,"tambura gibi ince, kuru ve çınlama ses çıkarma, tıngırdatmak",τριγυρίζω,to ring
tıpılamak,"ince ince yağmak, çiselemek",ψιχαλίζει,to drizzle
tırahoma,"dırahoma, Hristiyan ve Yahudilerde gelinin damada verdiği mal/mülk, para",προίκα,dowry
trahoma,"dırahoma, Hristiyan ve Yahudilerde gelinin damada verdiği mal/mülk, para",προίκα,dowry
tile,"pamuk iplik, tire",νήμα,thread
tingo tingo,"sessiz, patırtısız, tin tin",αθόρυβα,quietly
tingoz,"çok asabi, huysuz ve titiz kimse",εκνευριστικός,irritable person
tinyoz,"çok asabi, huysuz ve titiz kimse",εκνευριστικός,irritable person
tingozlanmak,"övünmek, böbürlenmek",καυχιέμαι,to boast
tinyozlanmak,"övünmek, böbürlenmek",καυχιέμαι,to boast
tipilemek,"(hava) tipiye çevirmek, (yağmur) ince ince yağmak, çiselemek",χιονοθύελλα,to snowstorm
tiringoz,açıkgöz,πονηρός,sly
tirifil,"hayvan yemi olarak yetiştirilen bir tür bitki, Tirfil",τροφή για ζώα,animal feed
dirifil,"hayvan yemi olarak yetiştirilen bir tür bitki, Tirfil",τροφή για ζώα,animal feed
tiriyoni,"korularda yaşayan, eti için avlanan, güvercini andırır bir kuş, Üveyik, bilimsel adıyla streptopelia Turtur",τυρίγιον,dove-like bird
tokuç,iri çekiç,σφυρί,hammer
tokuç,çamaşır tokası,μανταλάκι,clothespin
tombola,tombala,τόμπολα,tombola
tombolacı,tombalacının işi,τόμπολας,tombola player
tombulacı,"kandırıkçı, dolandırıcı",απατεώνας,swindler
dombulacı,"kandırıkçı, dolandırıcı",απατεώνας,swindler
tongar,başında takkası olan bir tür kuş,χρυσαετός,golden eagle
topaç oyunu,yere çizilen daire içerisinde topaç ya da topaçları çıkarmaya ve atılan topacın bu daire kalmaması genel ilkesine dayalı bir çocuk oyunu,παιχνίδι σβούρας,spinning top game
topak,"kütle, külçe",μπάλα,lump
tor,hamam havlusu,πετσέτα μπάνιου,bath towel
tor,havlumsu çocuk bezi,πάντα,cloth diaper
tos,çizmenin topuk kısmı,τακούνι,heel
tosbağı,"tosbağa, kaplumbağa",χελώνα,turtle
tozartmak,toz çıkarmak,σηκώνω σκόνη,to make dust
trolli,el arabası,καροτσάκι,wheelbarrow
drolli,el arabası,καροτσάκι,wheelbarrow
tumbalamak,"devirmek, devrilmek",αναποδογυρίζω,to topple
tumbalabaş,"baş tarafından devrilmiş, tepetaklak",ανάποδα,upside down
dumbalabaş,"baş tarafından devrilmiş, tepetaklak",ανάποδα,upside down
turkobullo,"rumlar destebana turkobullo, yani genç Türk, delikanlı demektedirler",τουρκόπουλο,young Turk
tuz beleği,"eskiden yeni doğan çocuğun başı hariç, tuz, biraz şeker ve zeytinyağı karışımının vücuduna sürdükten sonra ilk belekle, ilk gömleğe verilen ad",αλμυρό κάλυμμα,salt swaddle
tuz gömleği,"eskiden yeni doğan çocuğun başı hariç, tuz, biraz şeker ve zeytinyağı karışımının vücuduna sürdükten sonra ilk belekle, ilk gömleğe verilen ad",αλμυρό ρούχο,salt garment
tülümbe,meydan süpürgesi yapmakta kullanılan çalı,σκούπα,broom
tülemek,"kuşlar ve evcil kanatlıların, uyumak için bir dala veya çubuğa konup sinmek",κουρνιάζω,to roost
tünemek,"kuşlar ve evcil kanatlıların, uyumak için bir dala veya çubuğa konup sinmek",κουρνιάζω,to roost
tülemek,erkenden uykuya yatmak,κοιμάμαι νωρίς,to sleep early
tünemek,erkenden uykuya yatmak,κοιμάμαι νωρίς,to sleep early
tüpürmek,"ağzındakileri dudakları arasına getirip dışarı vermek, tükürmek",φτύνω,to spit
tüpürdüğünü yalamak,"tükürdüğünü yalamak, verdiği karardan benliğini küçülterek geri dönmek",αλλάζω γνώμη,to eat one's words
tüpürük,tükürük,σάλιο,saliva
tüpürüklemek,tüpürükle ıslatmak,σαλιώνω,to wet with saliva
tüpürüklenmek,tüpürükleme işine konu olmak,γίνομαι σαλιωμένος,to be spit on
tütmek,"güzel kokmak, güzel koku yaymak",μοσχοβολώ,to smell nice
tütmek,duman çıkarmak,καπνίζω,to smoke
tütmek,dumanı geri vermek,αναδύω καπνό,to emit smoke
tütülemek,kokusunu duymak için bir şeyi burnuna yaklaştırıp havasını çekmek,μυρίζω,to smell
tütülenmek,tütüleme işine konu olmak,μυρίζομαι,to be smelled
tütütmek,"nazardan korunmak için zeytin dalının yakılıp sevdiklerinin çevresinde gezdirilmesi, inaç. “gözü olanın gözü çıksın/götüne” gibi sözler sarfedilmektedir.",καπνίζω,to smoke against evil eye
tüylemek,"kaçmak, sıvışmak",το σκάω,to flee
ucumak,"bir şeyden soğumak, usanmak",κουράζομαι,to tire of
ucundan,"devamlı, sürekli",συνεχώς,constantly
ucundan,bir işe hiç yorulmadan devam etmek,ακούραστα,tirelessly
ucunmak,"bir şeyden nefret etmek, soğumak, bırakmak",αποφεύγω,to avoid
uçurgan,uçurtma,χαρταετός,kite
uğunmak,ovunmak,τρίβομαι,to rub oneself
umbu,su,νερό,water
uruba,giysi,ένδυμα,garment
uşana,keçinin doğurmasından sonra arkada çıkan toprağa denir,τοκτοπάς,afterbirth
uşo,eşeği durdurmada kullanılan sözcük,στοπ για γάιδαρο,stop for donkey
uşşi,eşek,γαϊδούρι,donkey
utancak,utangaç,ντροπαλός,shy
utaşmak,"yetişmek, ulaşmak",φθάνω,to reach
uyan,"sürücünün tutması için ipin bağlı olduğu hayvanların ağızlarına konulan demir ya da tahta, oyan",πετάλωμα,bridle
oyan,"sürücünün tutması için ipin bağlı olduğu hayvanların ağızlarına konulan demir ya da tahta, uyan",πετάλωμα,bridle
uzun işik oyunu,giggirigi ve Ne Lazım diye bilinen iki çocuk oyununun genel adı,μακρύ φως παιχνίδι,long light game
uzunhacı,elin orta parmağı,μακρύ δάχτυλο,middle finger
üçayak,"ayakkabıları onarmada, çakmakta kunduracıların kullandığı üç ayaklı araç",τρίποδο,tripod
üçtaş oyunu,"ingiliz bayrağı şeklinde çizilen bir alanda iki oyuncunun üçer taşla oynadıkları oyun. Oyuncular teker teker taş koyarlar. Taşların aynı sıraya gelmesine özen gösterilir ya da diğer oyuncunun bu sırayı yapmamasına çalışılır. Bütün taşlar yerleştirilince ilk oynayan, herhangi bir taşı, taş atlatmadan en yakın noktalardan birine hareket ettirerek konar. Üçleme durumunda kazanır, üçleyemezse öteki oynar. Kararlaştırılan oyun sayısında oyun yapan kazamış olur. Dokuz Taş ya da On İki Taş bu oyunun gelişmiş versiyonudur.",τρίλιζα,tic-tac-toe
üfelemek,"başparmağı ile işaret parmağı arasında bir şeyi (mesela nane) ezip inceltmek, toz haline getirmek, ufalamak",τρίβω,to crush
üfürüntü,ince toz,σκόνη,fine dust
ülemek,"bölmek, taksim etmek",μοιράζω,to divide
ülemek,"koyun ya da keçi sesi, bağırması, melemek",βελάζω,to bleat
üleme,ölmezotu,αμάρανθος,everlasting flower
ülük,"testi, ibrik, çaydanlık gibi şeylerin su dökülen ağız kısımları",στόμιο,spout
vada,"gülgillerden, bahçe çitlerinde yol kenarlarında kendiliğinden yetişen, dikenli bir çalı(rubus fruticosus), Dikendudu",βατόμουρο,blackberry
vado,Vadanın küçük türü,μικρό βατόμουρο,small blackberry
vakla,harup silkelemede kullanılan üste doğru incelen uzunca değnek,καλάμι,cane
vali masası,konukların ağırlanması için kullanılan genişçe yemek masası,τραπέζι επισκεπτών,guest table
valvida,akışkan bir maddenin geçmesine yol verdiği gibi çıkmasına da vidamsı bir parçanın yardımıyla yer veren bisiklet veya benzer parçalarda olan parça,βαλβίδα,valve
vıngıldamak,çok gürültü çıkarmak,βουίζω,to buzz loudly
varara,"(kaba) “Ne sorarsın?”, “Nene gerek?”, “Seni ilgilendirmez.” Anlamında öfkelice söylenen söz",τί σε νοιάζει;,what do you care?
vardakosta,eskiden kıyıları koruyan gemilere verilen ad,ακτοπλοϊκό,coast guard
vardakosta,iri yarı ve gösterişli(kadın),εντυπωσιακή γυναίκα,impressive woman
vardakosta dinlememek,"önündekini, karşısındakini hesaba katmadan yürümek, ilerlemek ya da bir iş yapmak",προχωρώ χωρίς να λαμβάνω υπόψη,to move forward without consideration
varga,"üç okkalı, saplı, taş kırmada kullanılan araç",βαριά,heavy hammer
vatta,testi,κανάτα,jug
vavatsino,vadanın yemişi,βατόμουρο,bramble
velesbit,bisiklet,ποδήλατο,bicycle
verigo,"asma biçiminde yetişen, iri taneli, çekirdekli, uzun süre dayanan bir üzüm türü",σταφύλι,grape
verga,çubuk,ράβδος,rod
vezirpaşa,"aşık oyunu, vezirovasilo",παιχνίδι με κόκαλα,bone game
vezirovasilo,"aşık oyunu, vezirpaşa",παιχνίδι με κόκαλα,bone game
vıngıldamak,"çınlamak, çın çın etmek",βουίζω,to ring
vidadez,kunduraların altına gönün yenmemesi için çakılan bir tür başlı çivi,καρφί,nail
vira,"bidüziye, arasız",αδιάλειπτα,unceasingly
vira,"yap, et gibi verilen komut",προχώρα,command to move
vira,devamlı çekmek,τραβώ συνεχώς,to pull continuously
vitsa,"ince, uzun, yaş, uç kısmı yapraklı ağaç dalı",κλαδί,branch
vizilemek,hastalık veya zayıflıktan dolayı ince ve cansız ses çıkarmak,παραπονιέμαι,to whine
vomi,iki tarla arasındaki toprak yığını,αναχώματα,embankment
vomi,sınır,όριο,boundary
yahudi yesin seni,(birinin) kötü durumlara düşmesini istemek,κατάρα,curse
yalandırmak,"kandırmak, aldatmak",εξαπατώ,to deceive
yalbırdamak,parlamak,λάμπω,shine
yalburdamak,parlamak,λάμπω,shine
yalpırdamak,parlamak,λάμπω,shine
yalbur yalbur,"parıl parıl, pırıl pırıl",αστραφτερός,sparkling
yalçı,cam gibi parlayan taş,λαμπερή πέτρα,a stone which is shining like a glass
yalli,ayna,καθρέφτης,mirror
yanpürü,"eğri, büğrü, çarpık",στραβός,crooked
yarıbuçuk,"yarım bırakılmış, bitirilmemiş, tamamlanmamış",ημιτελής,unfinished
yataksandalyesi,"uzanabilecek şekilde yapılan, döşeme yerine bez gerilen bir tğür portatif koltuk, şezlong",ξαπλώστρα,lounger
yatıevi,"yolcu evi, otel",ξενοδοχείο,hotel
yayılgan,yayılma özelliği olan,επεκτατικός,expansive
yaymaç,radyo,ραδιόφωνο,radio
yaz girişi,"ilkbahar, ilkyaz",άνοιξη,spring
yenir ağrısı,gittikçe derinleşip oyularak genişleyen yara,έλκος,ulcer
yennar,ocak ayı,Ιανουάριος,January
yerdenbahar,dereotu,μάραθος,dill
yergastro,ayrıkotu,αγριάδα,quackgrass
yerinmek,"kederlenmek, maraz etmek",στεναχωριέμαι,to grieve
yerinmek,gücenmek,παραπονούμαι,to complain
yerimo,beytambal,μπεϊμπαλ,bay tamal
yeyinti,yiyecek şeyler,φαγητό,food
yıkışmak,hoşa gitmeyecek şekilde sataşmak,πειράζω,to tease
yılgar,"İlgar, dizginleri koyuverilmiş atın dörtnala koşması",κάλπαζα,galloping
yiro,"daire, değirmi, yuro",κύκλος,circle
yiro,"çevre, yuro",περίμετρος,perimeter
yuro,"daire, değirmi, yiro",κύκλος,circle
yuro,"çevre, yiro",περίμετρος,perimeter
yom,uğur,ευλογία,blessing
yunak,davarın yıkanıldığı sulak yer,πλύσιμο,washing place
yusufu,mandarin,μανταρίνι,mandarin
yuvarlaktaş,"yollarda, toprak damlarda yeri bastırmak, toprakları ezmek için gzedirilen taş silindir",κύλινδρος,roller
yürülmek,"gebe kalmak, döl turmak",μείνω έγκυος,to get pregnant
yürülmek,hayvanların çiftleşmesi,ζευγαρώνω,to mate
yütmek,"(oyunda) yenmek, kazanmak, ütmek",νικώ,to win
yütülmek,"(oyunda) kaybetmek, ütülmek",χάνω,to lose
zahar,"zağar, bir tür av köpeği",κυνηγόσκυλο,hunting dog
zal,deli,τρελός,crazy
zangadak,"birdenbire ve sarsıntıyla(durmak, oturmak, düşmek vb)",βίαια,abruptly
zarıncamak,ızdırap içinde yaşamak,υποφέρω,to suffer
zırıncamak,ızdırap içine yaşamak,υποφέρω,to suffer
zarta atmak,atıp tutmak,λαλούν,to boast
zarta atmak,yellenmek,πέρδομαι,to fart
zayip olmak,zannetmek,υποθέτω,to suppose
zebelleş,"musallat, tebelleş",παρεμβατικός,meddlesome
zebelleş olmak,"musallat olmak, tebelleş olmak",παρεμβαίνω,to meddle
zebil,"acınacak durumda olan, bozgun, ezgin, perişan",ατυχής,pitiful
zebil olmak,"acınacak duruma gelmek, bozguna uğramak, perişan olmak",έχω κακή τύχη,to be pitiful
zebillik,"acınacak durum, bozgunluk, ezginlik, perişanlık",ατυχία,pitiful state
zehir ağacı,"karşılıklı küçük yapraklı, tohumları çitlenbik büyüklüğünde, bir tür ağaç",δηλητηριώδες δέντρο,poison tree
zehir çıkarmak,"haspa çıkar, konuşma! sus! Anlamında “zehir çıkar!” biçiminde kullanılan argo",σκάσε,shut up
zerzemin,savaş durumlarında toprak altında açılan ve düşman içlerine girmek için kullanılan tünel,υπόγειο τούνελ,subterranean tunnel
zesto,"etsiz pişirilen makarna, pilav gibi yemekler",χορτοφαγικό,vegetarian
zevla,"her çift hayvanın boynunu tutan, boyunduruğun iki ucunda birer çift değnektir",ζεύγη,yoke
zıbandık,"görünüşü ve davranışlarıyla korku iri yarı adam, ızbandut",τρομακτικός,frightening
zıppır,"deli dolu, delişmen, zıpır",ζιπ,zippy
zırdagolo,"yerdeki bir kütük üzerine, dönebilen uzun bir tahtanın çakılarak iki ucuna çocukların oturup oynadıkları oyuncak",ξυλόβαθρο,wooden see-saw
zibillik,çöplük,χωματερή,dump
zillidayre,tef,ντέφι,tambourine
zincir çiçeği,"kalın et yapraklı, çeşitli renklerde çiçekleri olan, yayılgan bir süs bitkί",χαλινό,bridal flower
zip,fermuar,φερμουάρ,zipper
zirziro,ağustos böceği,τζιτζίκι,cicada
zirziro,delidolu kimse,τρελός,crazy person
zivaniya,kıbrısın yerel içkisi,ζιβανία,zivania
zonguldamak,zonklamak,χτυπώ,to throb
zobba,"dayak, kötek, sopa",ξύλο,stick
zuhli,katı birşeyleri dikerken iğne geçirilecek yeri delmek için kullanılan çelikten yapılmış sivri uçlu ve ağaç saplı aygıt,τρυπάνι,awl
zuk,kıbrıs rakısı,ζιβανία,zivania
zulumen,bir yiyeceğin çok acılığını belitmek için “zehir zıkkım” biçiminde kullanılır,καυτερός,very spicy
zehir zulumen,zehir zıkkım,καυτερό φαγητό,very spicy food
Gakgalli,Sümük,,"Snot,"
Babavura,Uğur Böceği,Πασχαλίτσα,Ladybug
Babuç/Babiç,Pabuç,Παπούτσι,Shoe
Bango,Tezgah,Πάγκος,Bench
Bandofla,Terlik,Παντόφλα,Slipper
Badadez,Patates,Πατάτες,Potatoes
Barra,Tahta direk veya birini defetmek için kullanılan argo,Στύλος ή αργκό για να διώξεις κάποιον,Wooden pole or slang for dismissing someone
Basadembo,Tuzlu kabak çekirdeği,Αλατισμένοι κολοκυθόσποροι,Salted pumpkin seeds
Bandabulya,Belediye pazarı,Δημοτική αγορά,Municipal market
Basbalya,Tokat,Χαστούκι,Slap
Basdiş,Acı badem kurabiyesi,Πικρό αμυγδαλωτό,Bitter almond biscuit
Batsali,Bir tür zehirli yılan çeşidi,Είδος δηλητηριώδους φιδιού,Type of venomous snake
Bavuri,"Matara, küçük bidon","Μπουκάλι, μικρό δοχείο",Bottle or small container
Bas,Otobüs,Λεωφορείο,Bus
Bariya,Arkadaş grubu,Ομάδα φίλων,Group of friends
Bavuri,Bidon,Δοχείο,Container
Belesbit,Bisiklet,Ποδήλατο,Bicycle
Belo,Kırma köpek,Διασταύρωση σκύλου,Mixed-breed dog
Beytambal galsın,Eksik kalsın,Ας λείπει,Let it be (leave it out)
Betsi,Yassı sünger veya emici bez,Σφουγγάρι ή απορροφητικό ύφασμα,Flat sponge or absorbent cloth
Bitda,Börek,Πίτα,Pastry
Birceğez,Bir tane,Ένα,One
Biddaga,Yayvan,Επίπεδο,Flat
Boru,Korna,Κόρνα,Horn
Bodiri,Küçük bardak (veya kısa boylu kişi),Μικρό ποτήρι (ή κοντός άνθρωπος),Small glass or short person
Bondoboksi,Kısa boylu kimse,Κοντός άνθρωπος,Short person
Bögün,Bugün,Σήμερα,Today
Bögüce,Bu gece,Απόψε,Tonight
Buncaçcık,Minicik,Μικροσκοπικό,Tiny
Bullez,Yer elması,Αγγινάρα Ιερουσαλήμ,Jerusalem artichoke
Bulli,Piliç,Κοτοπουλάκι,Chick
Bullim,Canım anlamında da kullanılır,Αγαπημένος,My dear
Bullo,"Kuş, genel anlamda",Πουλί,Bird
Buraşda,Burada,Εδώ,Here
Cirilenmek,Yuvarlanmak,Κυλίομαι,To roll
Cigla,Ardıçkuşu,Τσίχλα,Thrush (bird)
Cizro (Zirziro),Ağustos Böceği,Τζιτζίκι,Cicada
Çakizdez,Kıbrıs’a özgü tuzlu kırılmış ve kurulan Yeşil zeytin,Πράσινη ελιά Κύπρου,Salted and cracked Cypriot green olives
Dari,Mısır,Καλαμπόκι,Corn
Deplek,Darbuka,Νταρμπούκα,Goblet drum
Della,Kalın ve renkli genellikle kargoda paketlemede kullanılan seloteyp,Χοντρή ταινία συσκευασίας,Thick packing tape
Ditsiro,"Zavallı, zayıf","Αδύναμος, αξιολύπητος","Weak, pitiful"
Domadez,Domates,Ντομάτες,Tomatoes
Dümen,Direksiyon,Τιμόνι,Steering wheel
Fanella,Fanila,Φανέλα,Undershirt
Fago,İleri derecede görme sorunu olan,Τυφλός,Blind (severe visual impairment)
Fasariya,Gereksiz,Άχρηστο,Unnecessary
Fica,Yosun,Φύκια,Seaweed
Fortigo,Kamyon,Φορτηγό,Truck
Gargara yapmak,Ağızda çalkalamak,Κάνω γαργάρα,To gargle
Garyola,Yatak,Κρεβάτι,Bed
Galles,Kalleş,Προδότης,Traitor
Galif,Genellikle evlerin damına kurulan baraka,Στέγαστρο στις στέγες,Roof shelter
Gabbar,Kapari,Κάπαρη,Caper
Gancelli,Bahçe kapısı,Πόρτα κήπου,Garden gate
Gavvolem,Allah kahretsin,Θεέ μου καταράσου,Damn it
Gabira,Kızarmış ekmek,Φρυγανιά,Toast
Gadef,Kadeh,Ποτήρι κρασιού,Wine glass
Gave,Kahve,Καφές,Coffee
Gavro,Yengeç veya karga burnu şeklinde İngiliz anahtarı,Καβούρι ή κλειδί γαλλικό,Crab or spanner
Gabal,Durmaksızın,Συνεχώς,Constantly
Garavulli,Salyangoz,Σαλιγκάρι,Snail
Gatsavida,Tornavida,Κατσαβίδι,Screwdriver
Gapbella,Bere,Σκουφάκι,Beanie
Gatsot,Cimri,Τσιγκούνης,Stingy
Glaç,Debriyaj,Συμπλέκτης,Clutch
Gorniz,Korniş,Κουρτινόξυλο,Curtain rod
Goncoloz,Canavar,Τέρας,Monster
Golo,Kıç,Κώλος,Buttocks
Gologas,Kökü pişirilip yenen bir bitki,Ρίζα που μαγειρεύεται,Root vegetable
Golla,Tutkal,Κόλλα,Glue
Gollifa,"Susam, badem, kuru üzüm ve nar taneleriyle karıştırılmış haşlanmış buğday","Σιτάρι με σουσάμι, αμύγδαλα, σταφίδες και ρόδι","Boiled wheat with sesame, almonds, raisins, and pomegranate"
Golyandro,Güzel kokulu tohumları olan başka bir bitki,Κόλιανδρος,Coriander
Gonga,Konken,Κονκέν,Conk (game)
Govcalamak,Kovalamak,Κυνηγώ,To chase
Golifa zannetding galiba,Kolay sandın galiba,Νόμισες ότι είναι εύκολο,You thought it was easy
Göyver,Koy ver,Άστο,Let it go
Gocagari,Yaşlı kadın,Γριά,Old woman
Gindirik,Aralık bırakmak,Αφήνω μισάνοιχτο,To leave ajar
Girmizilik,Ruj,Κραγιόν,Lipstick
Gilli,Erkek eşek,Αρσενικό γαϊδούρι,Male donkey
Giksi,"Yırtıcı bir kuş, Atmaca",Γεράκι,Hawk
Gıccatcık,Kızcağız,Κοριτσάκι,Little girl
Gel be bura,Buraya gel,Έλα εδώ,Come here
Guduru,"Ezbere, sıradan","Μηχανικά, πρόχειρα","By rote, casually"
Guduru,"Kontrolsüz, rastgele",Ανεξέλεγκτα,"Uncontrolled, randomly"
Guello,"Aptal, ahmak",Χαζός,Foolish
Gulliri,Yuvarlak çörek veya dairesel olan şeyler,Κυκλικό ψωμάκι,Round bread or circular items
Guno,"Aptal, beyinsiz",Ανόητος,Foolish
Gurkuda,Büyük duvar kertenkelesi veya korkunç yaşlı kişi,Μεγάλη σαύρα τοίχου ή τρομακτικός ηλικιωμένος,Large wall lizard or frightening old person
Hasba çıkar,Kes sesini,Σταμάτα,Shut up
Harnip,Keçiboynuzu,Χαρούπι,Carob
Hade,Hadi,Πάμε,Come on
Haçan da,Ne kadar çabuk!,Πόσο γρήγορα!,How quickly!
Haçana beş?,Kaç kere?,Πόσες φορές;,How many times?
Haksilo,Kes sesini,Σταμάτα,Shut up
Hacina,Aracı,Μεσάζων,Mediator
Hollo,Hayalet veya ahmak,Φάντασμα ή ανόητος,Ghost or fool
Ispaho,İnce ip,Λεπτό σχοινί,Thin rope
Isbano,Köşe,Γωνία,Corner
Isbasdra,İskambil kâğıdı veya oyunu,Τράπουλα ή παιχνίδι,Playing cards or game
Isgonto,Ucuzluk,Ευκαιρία,Bargain
Isbirto,Kibrit veya saf alkol,Σπίρτα ή καθαρό οινόπνευμα,Matches or pure alcohol
Isdavroz,Haç (cross),Σταυρός,Cross
Kakdirmak,İtmek,Σπρώχνω,To push
Kakma,Tekme,Κλωτσιά,Kick
Kerata,Yaramaz çocuk,Άτακτο παιδί,Mischievous child
Küllüm,Topluca,Όλα μαζί,All together
Lapsana,Yabani fakat yenilebilen çiçekli bir ot,Άγριο εδώδιμο φυτό,Wild edible herb
Laşga,Gevşek,Χαλαρός,Loose
Lamarina,Saç,Λαμαρίνα,Sheet metal
Lamicana,Su şişesi,Μπουκάλι νερού,Water bottle
Lera,Pis,Βρώμικο,Dirty
Leymonatda,Limonata,Λεμονάδα,Lemonade
Letsa,İnsan vücudunda istenmeyen yağ,Ανεπιθύμητο λίπος,Unwanted body fat
Lingiri,Değneklerle oynanan bir tür oyun,Παιχνίδι με μπαστούνια,Game with sticks
Loddo,Aşırı şişman kişi,Υπερβολικά παχύσαρκο άτομο,Extremely obese person
Lollo,Şaklaban,Γελωτοποιός,Clown
Lollo,"Ahmak, aptal",Ηλίθιος,Foolish
Luks,Gazlı veya elektrikli ışıldak,Λάμπα υγραερίου ή ηλεκτρική,Gas or electric lamp
Maksıl,Mahsül,Προϊόν,Produce
Ma,"Cümleye veya soruya başlangıç sözü, bu arada, aslında","Στην αρχή πρότασης, στην πραγματικότητα","At the start of a sentence, actually"
Managül,Oje,Βερνίκι νυχιών,Nail polish
Mandıra,Üstü kapalı ahır,Στάβλος,Barn
Mangos,Hiddetli,Οργισμένος,Furious
Magarına bulli,Makarna & tavuk,Μακαρόνια με κοτόπουλο,Pasta with chicken
Macun,Reçel,Γλυκό του κουταλιού,Jam
Marmaragi,Mermer,Μάρμαρο,Marble
Mısmıl,Kaliteli/Sağlam,Ποιοτικό/Σταθερό,High-quality/solid
Mişaro,Kertenkele,Σαύρα,Lizard
Manamu,"Acıma belirtir, zavallım","Λυπάμαι, καημένος","Poor thing, my pity"
Mücendra,Yeşil mercimekli bir tür pilav,Ρύζι με φακές,Rice with lentils
Napang?,Nasılsın?,Τι κάνεις;,How are you?
Oraşda,Orada,Εκεί,There
Osdo yüro,"Hiç durmadan dönmek, bir obje etrafında",Γυρίζω ασταμάτητα γύρω από ένα αντικείμενο,To spin continuously around an object
Ötegü gün,Önceki gün,Την προηγούμενη ημέρα,The day before
Pasedembo,Kabak çekirdeği,Κολοκυθόσπορος,Pumpkin seeds
Paneri,Hasırdan yapılmış yerel tepsi,Καλάθι από ψάθα,Wicker basket
Pasdelli,Susamlı ve ballı kuru bir yemiş/tatlı,Ξηροί καρποί με σουσάμι και μέλι,Sesame and honey sweet
Patariya,Pil veya araba aküsü,Μπαταρία ή μπαταρία αυτοκινήτου,Battery or car battery
Penna,Tükenmez kalem,Στυλό διαρκείας,Ballpoint pen
Perisgan,Suyla karıştırılıp içilen sodalı toz,Αναβράζουσα σκόνη αναμεμειγμένη με νερό,Fizzing powder mixed with water
Pilavuna,Peynir ve kuru üzümle yapılan börek,Πίτα με τυρί και σταφίδες,Pie with cheese and raisins
Pirilli,"Misket, bilye",Γυάλινη μπίλια,Marble
Pirohu,Bir tür börek,Ένα είδος πίτας,A type of pie
Piron,Çatal,Πιρούνι,Fork
Piskot,Bisküvi,Μπισκότο,Biscuit
Pesgir/Tor,Havlu,Πετσέτα,Towel
Potin,Ayakkabı,Παπούτσι,Shoe
Pisgot,Bisküvi,Μπισκότο,Biscuit
Pirili,Misket,Γυάλινη μπίλια,Marble
Pensa,Kerpeten,Πένσα,Pliers
Renga,Kokulu Herring balığı,Ρέγγα,Herring fish
Sakgulli,Torba,Σακούλα,Bag
Sakgo,Mont/Ceket,Μπουφάν,Jacket
Solina,Boru,Σωλήνας,Pipe
Susta,Yay,Ελατήριο,Spring
Siribilla,Tavuk dışkısı,Κοτόπουλο κόπρανα,Chicken droppings
Stekka,Bilardo sopası,Μπαστούνι μπιλιάρδου,Billiard stick
Stokko,Cam çerçevelerinde kullanılan yapışkan macun,Στόκος για πλαίσια παραθύρων,Putty for window frames
Şafk,Işık,Φως,Light
Şiro,Kepçeli buldozer,Μπουλντόζα με κουτάλα,Bulldozer with scoop
Tapba lamarina,Çok hızlı giden aracı anlatmak için kullanılır,Πολύ γρήγορο όχημα,Very fast vehicle
Tayka,Dakika,Λεπτό,Minute
Trabez,Yemek masası,Τραπέζι φαγητού,Dining table
Van,Kamyonet,Φορτηγάκι,Van
Vordo Vosgo Guello,Aptal,Ηλίθιος,Stupid
Valvid,"Valf veya subap, kapak",Βαλβίδα,Valve or cap
Virra,"Devamlı, duraksız",Συνεχώς,Continuously
Yusufcuk,Mandalina,Μανταρίνι,Tangerine
Yüro,"Dairesel tur atmak, dönmek","Κάνω κύκλο, περιστρέφομαι","To rotate, to spin in circles"
Zeflemek,Alay etmek,Κοροϊδεύω,To mock
Zivaniya,"Kıbrıs’a has, üzümden yapılan çok yüksek alkol oranı olan bir içki",Κυπριακό απόσταγμα σταφυλιών,Cypriot grape spirit
Zıbandık ," İzbandut, görünüşü ve davranışı ile korku veren(iri yarı adam)","ο τρομακτικός (μεγάλος, δυνατός τύπος) που τρομάζει τους ανθρώπους με την όψη και τη συμπεριφορά του"," the frightening(big, strong guy) who scares people with his sight and behaviours"
Birceğez,Birazcık,Λίγο,"A little bit, less"
falan feslikan,falan filan,μπλα μπλα μπλα μπλα,"and so on, bla bla; more or less, it happened like that"
Puşt pezevenk,"Samimi bir ortamda argo, veya herhangi bir ortamda küfür/hakaret olarak kullanılır","Puşt σημαίνει αναξιόπιστος, προδότης, ομοφυλόφιλος ως προσβολή ή απλά μια ανούσια προσβολή- Pezevenk σημαίνει νταβατζής- όταν συνδυάζονται χρησιμοποιείται ως προσβολή ή αργκό σε ένα ειλικρινές περιβάλλον","Puşt means untrustworthy, traitor, gay as an insult or just a meaningless insult; Pezevenk means pimp; when they are combined it is used as an insult or slang in a sincere setting"
garabina,kilitli kanca,καραμπίνερ,carabiner
marka megapse,ne idüğü belirsiz marka, άγνωστη και αναξιόπιστη μάρκα ,unknown and untrustable brand
bendolira,beşibiyerde, πέντε χρυσά νομίσματα,five pieces of gold
Ispirto Rakısı,Saf Alkol,Καθαρό αλκοόλ ,Pure Alcohol
Lamba Suyu,Gaz yağı,Πετρέλαιο εσωτερικής καύσης,Gas oil
hiçbir şey,"ne demek, lafı olmaz",Παρακαλώ,"no problem, youa are welcome"
beki,belki,maybe,ίσως
Αλιζάβρα,iri kertenkele,μεγάλη σαύρα,large lizard
Paluzade,Üzüm suyu tatlısı,μουσταλευριά,Grape pudding
Gamaşa,Aptal,χαζός,Stupid
Golimba,Su birikintisi,λακούβα,Puddle
Gutsulli,İzmarit,γόπα,Cigarette butt
Sıyrılmak,Kaymak,γλιστράω,To slip
Dırbalamak,Asılsız şekilde atıp tutmak,λέω αρλούμπες,To talk nonsense
γαλίνα,Sükunet,γαλίνα,"Calm, Serenity"
γάλος,Horoz,γάλος,Rooster
